xcoord (m)	pressure (Pa)	temperature (K)	total_density (kg/m^3)	velocity (m/s)	isobaric_expansion_coefficient (1/K)	isothermal_compressibility (1/Pa)	Prandtl (~)	total_dynamic_viscosity (Pa*s)	total_enthalpy (J/kg)	total_isobaric_specific_heat (J/kg/K)	total_isochoric_specific_heat (J/kg/K)	total_speed_of_sound (m/s)	total_thermal_conductivity (W/m/K)	Reynolds (~)	Gruneisen (~)	mass_flow_rate (kg/s)
0.000000000000000000e+00	2.523877585823268746e+05	3.000000000000000000e+01	4.034380655186223130e+00	9.836115086871792812e+00	3.362490865453926503e-02	3.983833569858371319e-06	7.230029679903183792e-01	4.675426575100397652e-06	1.603705095785005251e+05	5.249339772335731141e+03	3.118862395585505055e+03	3.251404166159433089e+02	3.394578412524386357e-02	1.273123377305752510e+05	6.771709902777987011e-01	9.349999988473894214e-03
5.000000000000000000e-01	2.518839179687732831e+05	3.001031744119983813e+01	4.024963232757484910e+00	9.847512494145634676e+00	3.362410022329736375e-02	3.995864863054568675e-06	7.229760599147677658e-01	4.675218053150647235e-06	1.603721500148995838e+05	5.249174069525458435e+03	3.118853544482014513e+03	3.251315942702890993e+02	3.394446197411963434e-02	1.273180160575728514e+05	6.771393368907393517e-01	9.338983199261340420e-03
1.000000000000000000e+00	2.513450545016962569e+05	3.001904419126637080e+01	4.015209699289397527e+00	9.882199009360229880e+00	3.362329140468806044e-02	4.007968690475473608e-06	7.229491165317276646e-01	4.675009525984577396e-06	1.603737908014760469e+05	5.249008350804647307e+03	3.118844693294800436e+03	3.251227733595021050e+02	3.394314133712256210e-02	1.273236950331835978e+05	6.771076844976544606e-01	9.349167988874701116e-03
1.500000000000000000e+00	2.508364181628717633e+05	3.002915816393563375e+01	4.005755876971848650e+00	9.895383280999681119e+00	3.362248219867827737e-02	4.020145710309884315e-06	7.229221377757062417e-01	4.674800993602462574e-06	1.603754319382671092e+05	5.248842616172535600e+03	3.118835842022462657e+03	3.251139538837223313e+02	3.394182221731776444e-02	1.273293746575058321e+05	6.770760330986462794e-01	9.339599110785950370e-03
2.000000000000000000e+00	2.502972028059753939e+05	3.003788534120143794e+01	3.996008287206912257e+00	9.928899071562492296e+00	3.362167260523462459e-02	4.032396588734159495e-06	7.228951235810023856e-01	4.674592456004583137e-06	1.603770734253099072e+05	5.248676865628341147e+03	3.118826990663600554e+03	3.251051358430908067e+02	3.394050461778051059e-02	1.273350549306377798e+05	6.770443826938159493e-01	9.348428534959801056e-03
2.500000000000000000e+00	2.497840376689017867e+05	3.004781438106770608e+01	3.986519546015006465e+00	9.943690708610558815e+00	3.362086262432330275e-02	4.044722000033744707e-06	7.228680738817020446e-01	4.674383913191213524e-06	1.603787152626418683e+05	5.248511099171245405e+03	3.118818139216811232e+03	3.250963192377490145e+02	3.393918854159623522e-02	1.273407358526777389e+05	6.770127332832643896e-01	9.340123985306123672e-03
3.000000000000000000e+00	2.492441660578784649e+05	3.005652922630481072e+01	3.976774703635268082e+00	9.976219078813288732e+00	3.362005225591022800e-02	4.057122626726952685e-06	7.228409886116806682e-01	4.674175365162640879e-06	1.603803574503005366e+05	5.248345316800414366e+03	3.118809287680689977e+03	3.250875040678392907e+02	3.393787399186067033e-02	1.273464174237238622e+05	6.769810848670912984e-01	9.347771792337871907e-03
3.500000000000000000e+00	2.487267021425697603e+05	3.006628536834409005e+01	3.967252838477811849e+00	9.992457062755963904e+00	3.361924149996094874e-02	4.069599159690986594e-06	7.228138677045967686e-01	4.673966811919139641e-06	1.603819999883236014e+05	5.248179518514979463e+03	3.118800436053830708e+03	3.250786903335048237e+02	3.393656097167985219e-02	1.273520996438744769e+05	6.769494374453958185e-01	9.340568428660931885e-03
4.000000000000000000e+00	2.481859035824780585e+05	3.007497813949400722e+01	3.957507662229417189e+00	1.002416123345650334e+01	3.361843035644064559e-02	4.082152298290301094e-06	7.227867110938949180e-01	4.673758253460991024e-06	1.603836428767490434e+05	5.248013704314049392e+03	3.118791584334825984e+03	3.250698780348895411e+02	3.393524948417020459e-02	1.273577825132278376e+05	6.769177910182765379e-01	9.347187271915627024e-03
4.500000000000000000e+00	2.476643379775257199e+05	3.008457179399419346e+01	3.947954180714216665e+00	1.004170476672510048e+01	3.361761882531420775e-02	4.094782750507341031e-06	7.227595187128035281e-01	4.673549689788477937e-06	1.603852861156149011e+05	5.247847874196708290e+03	3.118782732522265178e+03	3.250610671721381095e+02	3.393393953245859435e-02	1.273634660318822134e+05	6.768861455858319331e-01	9.340942278902359189e-03
5.000000000000000000e+00	2.471223713604609366e+05	3.009323405321494960e+01	3.938205873666886792e+00	1.007272914841886546e+01	3.361680690654613585e-02	4.107491233075687392e-06	7.227322904943318527e-01	4.673341120901884138e-06	1.603869297049594752e+05	5.247682028162010283e+03	3.118773880614738573e+03	3.250522577453960480e+02	3.393263111968242152e-02	1.273691501999358297e+05	6.768545011481592599e-01	9.346665659306864840e-03
5.500000000000000000e+00	2.465968720968368871e+05	3.010267443978204582e+01	3.928621996847407871e+00	1.009145550911302713e+01	3.361599460010057661e-02	4.120278471615693538e-06	7.227050263712698763e-01	4.673132546801488298e-06	1.603885736448212410e+05	5.247516166208984032e+03	3.118765028610833269e+03	3.250434497548094441e+02	3.393132424898964716e-02	1.273748350174870138e+05	6.768228577053545525e-01	9.341254186749619465e-03
6.000000000000000000e+00	2.460535222091557807e+05	3.011129885632507808e+01	3.918868016318943326e+00	1.012192790889591265e+01	3.361518190594136452e-02	4.133145200772654912e-06	7.226777262761874265e-01	4.672923967487575870e-06	1.603902179352387320e+05	5.247350288336631820e+03	3.118756176509133638e+03	3.250346432005255224e+02	3.393001892353887661e-02	1.273805204846340202e+05	6.767912152575141782e-01	9.346198767469719726e-03
6.500000000000000000e+00	2.455242316909292131e+05	3.012059415149798269e+01	3.909254711379551050e+00	1.014173035707615789e+01	3.361436882403194548e-02	4.146092164357544412e-06	7.226503901414327302e-01	4.672715382960432301e-06	1.603918625762507436e+05	5.247184394543930466e+03	3.118747324308224961e+03	3.250258380826917914e+02	3.392871514649942188e-02	1.273862066014751035e+05	6.767595738047329501e-01	9.341511739219722152e-03
7.000000000000000000e+00	2.449793059493681067e+05	3.012917436960806228e+01	3.899492736621901212e+00	1.017176397007922439e+01	3.361355535433546010e-02	4.159120115490405748e-06	7.226230178991298603e-01	4.672506793220341350e-06	1.603935075678962748e+05	5.247018484829829504e+03	3.118738472006688426e+03	3.250170344014570105e+02	3.392741292105137807e-02	1.273918933681085327e+05	6.767279333471060143e-01	9.345779405918465746e-03
7.500000000000000000e+00	2.444463439766964002e+05	3.013833182999932347e+01	3.889850746657165903e+00	1.019254988828648756e+01	3.361274149681468815e-02	4.172229816746456466e-06	7.225956094811786246e-01	4.672298198267588465e-06	1.603951529102144414e+05	5.246852559193252091e+03	3.118729619603104766e+03	3.250082321569704504e+02	3.392611225038567879e-02	1.273975807846326497e+05	6.766962938847269626e-01	9.341721585046683721e-03
8.000000000000000000e+00	2.438996695469903352e+05	3.014686235326270491e+01	3.880078650147583907e+00	1.022224506355301976e+01	3.361192725143203469e-02	4.185422040304921797e-06	7.225681648192525675e-01	4.672089598102460791e-06	1.603967986032446206e+05	5.246686617633095011e+03	3.118720767096053351e+03	3.249994313493821778e+02	3.392481313770416562e-02	1.274032688511455926e+05	6.766646554176889428e-01	9.345401262081906232e-03
8.500000000000000000e+00	2.433631359774033772e+05	3.015588842436563155e+01	3.870408520367182970e+00	1.024393431179921166e+01	3.361111261814958562e-02	4.198697568100714543e-06	7.225406838447978597e-01	4.671880992725242932e-06	1.603984446470261901e+05	5.246520660148228671e+03	3.118711914484111730e+03	3.249906319788431119e+02	3.392351558621965052e-02	1.274089575677457760e+05	6.766330179460848804e-01	9.341889546177191070e-03
9.000000000000000000e+00	2.428145572314998135e+05	3.016436451335224689e+01	3.860624342465372116e+00	1.027338011658595107e+01	3.361029759692907293e-02	4.212057191978994023e-06	7.225131664890319660e-01	4.671672382136223724e-06	1.604000910415988765e+05	5.246354686737495285e+03	3.118703061765854727e+03	3.249818340455049110e+02	3.392221959915599216e-02	1.274146469345314545e+05	6.766013814700062579e-01	9.345058796239603602e-03
9.500000000000000000e+00	2.422745343208636914e+05	3.017326492584218656e+01	3.850926443203716243e+00	1.029590357825002123e+01	3.360948218773187474e-02	4.225501713852654915e-06	7.224856126829426461e-01	4.671463766335692854e-06	1.604017377870025812e+05	5.246188697399716148e+03	3.118694208939856708e+03	3.249730375495200292e+02	3.392092517974817922e-02	1.274203369516008970e+05	6.765697459895448906e-01	9.342020716393747634e-03
1.000000000000000000e+01	2.417239105936092092e+05	3.018168250752520976e+01	3.841128369788045394e+00	1.032517918323312678e+01	3.360866639051900834e-02	4.239031945862861170e-06	7.224580223572842907e-01	4.671255145323936619e-06	1.604033848832771764e+05	5.246022692133677083e+03	3.118685356004690220e+03	3.249642424910417162e+02	3.391963233124237892e-02	1.274260276190524019e+05	6.765381115047902627e-01	9.344747148607730758e-03
1.050000000000000000e+01	2.411804650535551773e+05	3.019046236245354109e+01	3.831402916686254212e+00	1.034847748064290585e+01	3.360785020525116490e-02	4.252648710542623321e-06	7.224303954425799201e-01	4.671046519101246397e-06	1.604050323304629710e+05	5.245856670938143907e+03	3.118676502958925084e+03	3.249554488702239041e+02	3.391834105689599949e-02	1.274317189369842090e+05	6.765064780158333013e-01	9.342119548488667102e-03
1.100000000000000000e+01	2.406276686640860862e+05	3.019881795009322900e+01	3.821589259420115514e+00	1.037765338612501154e+01	3.360703363188867476e-02	4.266352840983563180e-06	7.224027318691174093e-01	4.670837887667912722e-06	1.604066801286003320e+05	5.245690633811855150e+03	3.118667649801131120e+03	3.249466566872214344e+02	3.391705135997779424e-02	1.274374109054946457e+05	6.764748455227627133e-01	9.344462057212340328e-03
1.150000000000000000e+01	2.400808534685767372e+05	3.020748179421449464e+01	3.811836331107558706e+00	1.040167574689636432e+01	3.360621667039150745e-02	4.280145181005870994e-06	7.223750315669481559e-01	4.670629251024225279e-06	1.604083282777297427e+05	5.245524580753521150e+03	3.118658796529874508e+03	3.249378659421899442e+02	3.391576324376791018e-02	1.274431035246820538e+05	6.764432140256672055e-01	9.342189931274979750e-03
1.200000000000000000e+01	2.395257679755250865e+05	3.021577241653692170e+01	3.802005510025797452e+00	1.043081486794288004e+01	3.360539932071930636e-02	4.294026585331569430e-06	7.223472944658865247e-01	4.670420609170477987e-06	1.604099767778919777e+05	5.245358511761824957e+03	3.118649943143722339e+03	3.249290766352856963e+02	3.391447671155797122e-02	1.274487967946446151e+05	6.764115835246345965e-01	9.344199785334225683e-03
1.250000000000000000e+01	2.389756239455536706e+05	3.022432430887504040e+01	3.792225063591274647e+00	1.045551812520339396e+01	3.360458158283134711e-02	4.307997919761145346e-06	7.223195204955074056e-01	4.670211962106959686e-06	1.604116256291278405e+05	5.245192426835425977e+03	3.118641089641237159e+03	3.249202887666660331e+02	3.391319176665114066e-02	1.274544907154807152e+05	6.763799540197520388e-01	9.342235257579061328e-03
1.300000000000000000e+01	2.384181426086480496e+05	3.023254744750170531e+01	3.782375591731899078e+00	1.048467675169434266e+01	3.360376345668654452e-02	4.322060061353621380e-06	7.222917095851461022e-01	4.670003309833967684e-06	1.604132748314785422e+05	5.245026325972954510e+03	3.118632236020982873e+03	3.249115023364886383e+02	3.391190841236220443e-02	1.274601852872886084e+05	6.763483255111059078e-01	9.343957057441929642e-03
1.350000000000000000e+01	2.378646998007915099e+05	3.024099101814209689e+01	3.772567476241376117e+00	1.051002446316192795e+01	3.360294494224348033e-02	4.336213898610161349e-06	7.222638616638946685e-01	4.669794652351792512e-06	1.604149243849852355e+05	5.244860209173015392e+03	3.118623382281518843e+03	3.249027173449122756e+02	3.391062665201764748e-02	1.274658805101666076e+05	6.763166979987821348e-01	9.342258484236722754e-03
1.400000000000000000e+01	2.373047242245126981e+05	3.024914455234112864e+01	3.762697946078579658e+00	1.053925310900675427e+01	3.360212603946038934e-02	4.350460331661273001e-06	7.222359766606027964e-01	4.669585989660732327e-06	1.604165742896894226e+05	5.244694076434187991e+03	3.118614528421404884e+03	3.248939337920967318e+02	3.390934648895572306e-02	1.274715763842129090e+05	6.762850714828660958e-01	9.343731002647400613e-03
1.450000000000000000e+01	2.367480031461437466e+05	3.025748305432694352e+01	3.752861914367162210e+00	1.056521478154158267e+01	3.360130674829512470e-02	4.364800272457696208e-06	7.222080545038733757e-01	4.669377321761079356e-06	1.604182245456326345e+05	5.244527927755018936e+03	3.118605674439197173e+03	3.248851516782019644e+02	3.390806792652652918e-02	1.274772729095259419e+05	6.762534459634421680e-01	9.342262185000777333e-03
1.500000000000000000e+01	2.361854420838445076e+05	3.026556521225604257e+01	3.742970985829696673e+00	1.059455893575050212e+01	3.360048706870521346e-02	4.379234644965068078e-06	7.221800951220634923e-01	4.669168648653127517e-06	1.604198751528567227e+05	5.244361763134033936e+03	3.118596820333452342e+03	3.248763710033892949e+02	3.390679096809209175e-02	1.274829700862040772e+05	6.762218214405939509e-01	9.343519104826088564e-03
1.550000000000000000e+01	2.356254547552045842e+05	3.027380156737195449e+01	3.733106704769089124e+00	1.062110934347326818e+01	3.359966700064783568e-02	4.393764385362450536e-06	7.221520984432832080e-01	4.668959970337178356e-06	1.604215261114035384e+05	5.244195582569735961e+03	3.118587966102724295e+03	3.248675917678205565e+02	3.390551561702644101e-02	1.274886679143454385e+05	6.761901979144048225e-01	9.342248597168633165e-03
1.600000000000000000e+01	2.350602230545503553e+05	3.028181088307603375e+01	3.723193094652387458e+00	1.065061013439015269e+01	3.359884654407976901e-02	4.408390442244795763e-06	7.221240643953910077e-01	4.668751286813530028e-06	1.604231774213153112e+05	5.244029386060589786e+03	3.118579111745564660e+03	3.248588139716583783e+02	3.390424187671568085e-02	1.274943663940482802e+05	6.761585753849570501e-01	9.343319158637430552e-03
1.650000000000000000e+01	2.344969739355728962e+05	3.028994772221588150e+01	3.713300154071976333e+00	1.067772871977869364e+01	3.359802569895752739e-02	4.423113776829475700e-06	7.220959929059933557e-01	4.668542598082474759e-06	1.604248290826343291e+05	5.243863173605044722e+03	3.118570257260525068e+03	3.248500376150662987e+02	3.390296975055809292e-02	1.275000655254110898e+05	6.761269538523327904e-01	9.342219662649628442e-03
1.700000000000000000e+01	2.339289916083316493e+05	3.029788299772205562e+01	3.703362626674417957e+00	1.070742350253808084e+01	3.359720446523717374e-02	4.437935363166911185e-06	7.220678839024454732e-01	4.668333904144315787e-06	1.604264810954030836e+05	5.243696945201514609e+03	3.118561402646153965e+03	3.248412626982086522e+02	3.390169924196417134e-02	1.275057653085321072e+05	6.760953333166129786e-01	9.343129230766121854e-03
1.750000000000000000e+01	2.333624784060437814e+05	3.030592269646071912e+01	3.693440547093261195e+00	1.073509385109249514e+01	3.359638284287448651e-02	4.452856188355472689e-06	7.220397373118455642e-01	4.668125204999348727e-06	1.604281334596642409e+05	5.243530700848391461e+03	3.118552547900998889e+03	3.248324892212503414e+02	3.390043035435676838e-02	1.275114657435096597e+05	6.760637137778781058e-01	9.342177064110217255e-03
1.800000000000000000e+01	2.327916698071928695e+05	3.031378296838603248e+01	3.683477905926440421e+00	1.076501672725693304e+01	3.359556083182484859e-02	4.467877252760688202e-06	7.220115530610377030e-01	4.667916500647880203e-06	1.604297861754605838e+05	5.243364440544039098e+03	3.118543693023604646e+03	3.248237171843574060e+02	3.389916309117110838e-02	1.275171668304419582e+05	6.760320952362076641e-01	9.342947625780978135e-03
1.850000000000000000e+01	2.322218841776912450e+05	3.032172767830711635e+01	3.673526145235064266e+00	1.079322610737710519e+01	3.359473843204331678e-02	4.482999570238892120e-06	7.219833310766059498e-01	4.667707791090206679e-06	1.604314392428352439e+05	5.243198164286795873e+03	3.118534838012516502e+03	3.248149465876963973e+02	3.389789745585492647e-02	1.275228685694273445e+05	6.760004776916811453e-01	9.342122256766055913e-03
1.900000000000000000e+01	2.316481772805225628e+05	3.032951218845996166e+01	3.663537225674959430e+00	1.082340838472072342e+01	3.359391564348458009e-02	4.498224168365415923e-06	7.219550712848753493e-01	4.667499076326629698e-06	1.604330926618313824e+05	5.243031872074972853e+03	3.118525982866276081e+03	3.248061774314348895e+02	3.389663345186850335e-02	1.275285709605642187e+05	6.759688611443767092e-01	9.342772856074285301e-03
1.950000000000000000e+01	2.310751054378900153e+05	3.033736386472903135e+01	3.653555184889555996e+00	1.085214734538024040e+01	3.359309246610296673e-02	4.513552088667426517e-06	7.219267736119090451e-01	4.667290356357454191e-06	1.604347464324923349e+05	5.242865563906852913e+03	3.118517127583424099e+03	3.247974097157410256e+02	3.389537108268480398e-02	1.275342740039507626e+05	6.759372455943721825e-01	9.342056496324066539e-03
2.000000000000000000e+01	2.304984311933248246e+05	3.034507203424192312e+01	3.643538847650998225e+00	1.088261794490433232e+01	3.359226889985245795e-02	4.528984386861515592e-06	7.218984379835068355e-01	4.667081631182982549e-06	1.604364005548616988e+05	5.242699239780691641e+03	3.118508272162498997e+03	3.247886434407839147e+02	3.389411035178950538e-02	1.275399776996853179e+05	6.759056310417450586e-01	9.342603615406173609e-03
2.050000000000000000e+01	2.299220544364044326e+05	3.035283245986127909e+01	3.633525875847955167e+00	1.091187996454530840e+01	3.359144494468668807e-02	4.544522133096171268e-06	7.218700643252035087e-01	4.666872900803518010e-06	1.604380550289831881e+05	5.242532899694720982e+03	3.118499416602038309e+03	3.247798786067335186e+02	3.389285126268112847e-02	1.275456820478661830e+05	6.758740174865712769e-01	9.341980863523037526e-03
2.100000000000000000e+01	2.293423462060819438e+05	3.036046386644555639e+01	3.623481001178121108e+00	1.094266578102449117e+01	3.359062060055891669e-02	4.560166412199231154e-06	7.218416525622668445e-01	4.666664165219364659e-06	1.604397098549007205e+05	5.242366543647143772e+03	3.118490560900578657e+03	3.247711152137603676e+02	3.389159381887110051e-02	1.275513870485917432e+05	6.758424049289266655e-01	9.342438755630609951e-03
2.150000000000000000e+01	2.287626413727398030e+05	3.036813467357661978e+01	3.613436399704060609e+00	1.097244696184684365e+01	3.358979586742205647e-02	4.575918323930448931e-06	7.218132026196961704e-01	4.666455424430829122e-06	1.604413650326583593e+05	5.242200171636136474e+03	3.118481705056653482e+03	3.247623532620361289e+02	3.389033802388385919e-02	1.275570927019602532e+05	6.758107933688862756e-01	9.341896285668669850e-03
2.200000000000000000e+01	2.281798344266434433e+05	3.037568903153429289e+01	3.603361882202866795e+00	1.100357318350611457e+01	3.358897074522868009e-02	4.591778983239288836e-06	7.217847144222205857e-01	4.666246678438218025e-06	1.604430205623004003e+05	5.242033783659850087e+03	3.118472849068794403e+03	3.247535927517329242e+02	3.388908388125691507e-02	1.275627990080699819e+05	6.757791828065250472e-01	9.342277266228689661e-03
2.250000000000000000e+01	2.275967742840068822e+05	3.038327172023154787e+01	3.593284908243724818e+00	1.103387198599383545e+01	3.358814523393096468e-02	4.607749520528081853e-06	7.217561878942958531e-01	4.666037927241837147e-06	1.604446764438713144e+05	5.241867379716403775e+03	3.118463992935532588e+03	3.247448336830237849e+02	3.388783139454096954e-02	1.275685059670192859e+05	6.757475732419159220e-01	9.341803555515171276e-03
2.300000000000000000e+01	2.270108053544602881e+05	3.039074886290199373e+01	3.583179652229493861e+00	1.106536237829316249e+01	3.358731933348076126e-02	4.623831081920677462e-06	7.217276229601049531e-01	4.665829170841996501e-06	1.604463326774156885e+05	5.241700959803896694e+03	3.118455136655396473e+03	3.247360760560828226e+02	3.388658056729999812e-02	1.275742135789063905e+05	6.757159646751325077e-01	9.342118256315930236e-03
2.350000000000000000e+01	2.264243589326034707e+05	3.039824481756200214e+01	3.573069521812207050e+00	1.109617939141795162e+01	3.358649304382956696e-02	4.640024829536712059e-06	7.216990195435541988e-01	4.665620409239001867e-06	1.604479892629783717e+05	5.241534523920397987e+03	3.118446280226913586e+03	3.247273198710846600e+02	3.388533140311131980e-02	1.275799218438296957e+05	6.756843571062468579e-01	9.341703347805534186e-03
2.400000000000000000e+01	2.258351658174060285e+05	3.040564468191663039e+01	3.562932437160396315e+00	1.112805654936802924e+01	3.358566636492848340e-02	4.656331941771631271e-06	7.216703775682710154e-01	4.665411642433163258e-06	1.604496462006042711e+05	5.241368072063946784e+03	3.118437423648610093e+03	3.247185651282047161e+02	3.388408390556573585e-02	1.275856307618874707e+05	6.756527505353308038e-01	9.341960938829985822e-03
2.450000000000000000e+01	2.252452986930535990e+05	3.041305518571260436e+01	3.552788327651530409e+00	1.115939429244093972e+01	3.358483929672831381e-02	4.672753613582647435e-06	7.216416969576050500e-01	4.665202870424789842e-06	1.604513034903385560e+05	5.241201604232562204e+03	3.118428566919008972e+03	3.247098118276193759e+02	3.388283807826756450e-02	1.275913403331780719e+05	6.756211449624554000e-01	9.341596233745306718e-03
2.500000000000000000e+01	2.246528199013628473e+05	3.042037779884412174e+01	3.542618326042556998e+00	1.119167986538196402e+01	3.358401183917944510e-02	4.689291056780703382e-06	7.216129776346225100e-01	4.664994093214195021e-06	1.604529611322266865e+05	5.241035120424227898e+03	3.118419710036633205e+03	3.247010599695058772e+02	3.388159392483479360e-02	1.275970505577996664e+05	6.755895403876910343e-01	9.341804616636495764e-03
2.550000000000000000e+01	2.240594944373832841e+05	3.042770404638503479e+01	3.532439378200341817e+00	1.122354261800079200e+01	3.358318399223193806e-02	4.705945500328672081e-06	7.215842195221066069e-01	4.664785310801687115e-06	1.604546191263140645e+05	5.240868620636908418e+03	3.118410853000002589e+03	3.246923095540419695e+02	3.388035144889912920e-02	1.276027614358507708e+05	6.755579368111074290e-01	9.341482693655027425e-03
2.600000000000000000e+01	2.234636688726863067e+05	3.043494951366614387e+01	3.522235369719884268e+00	1.125625751033921418e+01	3.358235575583548571e-02	4.722718190645883618e-06	7.215554225425550028e-01	4.664576523187580373e-06	1.604562774726463540e+05	5.240702104868537390e+03	3.118401995807636467e+03	3.246835605814065957e+02	3.387911065410612044e-02	1.276084729674294940e+05	6.755263342327733067e-01	9.341648670322737560e-03
2.650000000000000000e+01	2.228668444184357650e+05	3.044219262209168519e+01	3.512020689348972269e+00	1.128865116730097107e+01	3.358152712993943412e-02	4.739610391919183647e-06	7.215265866181774790e-01	4.664367730372188197e-06	1.604579361712695390e+05	5.240535573117021158e+03	3.118393138458052817e+03	3.246748130517792674e+02	3.387787154411524282e-02	1.276141851526341925e+05	6.754947326527575013e-01	9.341363128016318129e-03
2.700000000000000000e+01	2.222676110936040059e+05	3.044936111680473800e+01	3.501781579390488730e+00	1.132181571831335631e+01	3.358069811449274078e-02	4.756623386420653754e-06	7.214977116708936045e-01	4.664158932355821449e-06	1.604595952222296619e+05	5.240369025380241510e+03	3.118384280949764616e+03	3.246660669653403488e+02	3.387663412260001616e-02	1.276198979915632372e+05	6.754631320711275144e-01	9.341492547474244609e-03
2.750000000000000000e+01	2.216672441505525203e+05	3.045652213550403431e+01	3.491530238642389428e+00	1.135474766673973690e+01	3.357986870944405094e-02	4.773758474832174152e-06	7.214687976223327359e-01	4.663950129138797765e-06	1.604612546255728812e+05	5.240202461656052037e+03	3.118375423281288477e+03	3.246573223222711135e+02	3.387539839324807400e-02	1.276256114843148971e+05	6.754315324879502924e-01	9.341237867102754680e-03
2.800000000000000000e+01	2.210645419305461401e+05	3.046361388976536588e+01	3.481254925067290618e+00	1.138838181220926060e+01	3.357903891474159352e-02	4.791016976577014214e-06	7.214398443938287997e-01	4.663741320721429702e-06	1.604629143813457049e+05	5.240035881942278138e+03	3.118366565451135557e+03	3.246485791227535174e+02	3.387416435976128154e-02	1.276313256309875142e+05	6.753999339032918936e-01	9.341335753252941881e-03
2.850000000000000000e+01	2.204605862870594428e+05	3.047069380888505208e+01	3.470965963423881639e+00	1.142186082846981776e+01	3.357820873033328518e-02	4.808400230158598215e-06	7.214108519064207359e-01	4.663532507104034895e-06	1.604645744895946118e+05	5.239869286236717926e+03	3.118357707457816105e+03	3.246398373669704256e+02	3.387293202585585361e-02	1.276370404316793574e+05	6.753683363172183762e-01	9.341107179363365709e-03
2.900000000000000000e+01	2.198543536553559243e+05	3.047770910570828562e+01	3.460653333939795129e+00	1.145598424661914905e+01	3.357737815616665400e-02	4.825909593506658897e-06	7.213818200808498338e-01	4.663323688286933524e-06	1.604662349503665173e+05	5.239702674537144048e+03	3.118348849299839458e+03	3.246310970551055561e+02	3.387170139526241713e-02	1.276427558864885650e+05	6.753367397297949104e-01	9.341177842117047089e-03
2.950000000000000000e+01	2.192467604940097663e+05	3.048470886359617182e+01	3.450325758912350604e+00	1.149002041093789117e+01	3.357654719218886030e-02	4.843546444330950809e-06	7.213527488375565122e-01	4.663114864270437298e-06	1.604678957637082494e+05	5.239536046841302777e+03	3.118339990975711771e+03	3.246223581873433091e+02	3.387047247172614989e-02	1.276484719955136970e+05	6.753051441410847788e-01	9.340971278707921321e-03
3.000000000000000000e+01	2.186369353392731282e+05	3.049164802995769463e+01	3.439974688634132249e+00	1.152465265485442458e+01	3.357571583834675216e-02	4.861312180482718226e-06	7.213236380966795425e-01	4.662906035054868087e-06	1.604695569296670146e+05	5.239369403146912191e+03	3.118331132483939200e+03	3.246136207638689370e+02	3.386924525900688460e-02	1.276541887588528916e+05	6.752735495511529296e-01	9.341018410540856062e-03
3.050000000000000000e+01	2.180256533196372038e+05	3.049856851967231464e+01	3.429607476205753791e+00	1.155925728175363609e+01	3.357488409458676826e-02	4.879208220324118403e-06	7.212944877780533837e-01	4.662697200640543530e-06	1.604712184482901357e+05	5.239202743451665810e+03	3.118322273823026080e+03	3.246048847848687728e+02	3.386801976087917831e-02	1.276599061766045779e+05	6.752419559600614241e-01	9.340830330823743019e-03
3.100000000000000000e+01	2.174121727395370835e+05	3.050543192045676122e+01	3.419216825367889179e+00	1.159441790026848196e+01	3.357405196085498644e-02	4.897236003105806846e-06	7.212652978012057403e-01	4.662488361027787193e-06	1.604728803196250519e+05	5.239036067753222596e+03	3.118313414991472655e+03	3.245961502505296039e+02	3.386679598113246509e-02	1.276656242488668649e+05	6.752103633678732120e-01	9.340857090609132329e-03
3.150000000000000000e+01	2.167971480589737766e+05	3.051227399545594920e+01	3.408808920203486803e+00	1.162960348324438264e+01	3.357321943709715845e-02	4.915396989352907349e-06	7.212360680853551198e-01	4.662279516216915020e-06	1.604745425437194644e+05	5.238869376049223320e+03	3.118304555987780986e+03	3.245874171610392978e+02	3.386557392357114615e-02	1.276713429757382110e+05	6.751787717746492445e-01	9.340684458640231835e-03
3.200000000000000000e+01	2.161799481784041272e+05	3.051906202817512082e+01	3.398377531995708356e+00	1.166531213201944439e+01	3.357238652325864742e-02	4.933692661259538770e-06	7.212067985494093891e-01	4.662070666208251425e-06	1.604762051206212491e+05	5.238702668337276918e+03	3.118295696810449499e+03	3.245786855165863471e+02	3.386435359201469403e-02	1.276770623573168123e+05	6.751471811804511391e-01	9.340693544375670149e-03
3.250000000000000000e+01	2.155611246130807849e+05	3.052582650728604463e+01	3.387927847439906603e+00	1.170109230105907727e+01	3.357155321928444180e-02	4.952124523092194989e-06	7.211774891119633324e-01	4.661861811002117431e-06	1.604778680503783689e+05	5.238535944614964137e+03	3.118286837457975253e+03	3.245699553173602681e+02	3.386313499029775659e-02	1.276827823937010835e+05	6.751155915853382927e-01	9.340533747041719972e-03
3.300000000000000000e+01	2.149401404143270629e+05	3.053253959747683766e+01	3.377454545940732356e+00	1.173736884545561665e+01	3.357071952511921087e-02	4.970694101602138143e-06	7.211481396912955422e-01	4.661652950598837455e-06	1.604795313330391655e+05	5.238369204879842073e+03	3.118277977928853034e+03	3.245612265635512017e+02	3.386191812227030973e-02	1.276885030849891773e+05	6.750840029893712124e-01	9.340527458887463996e-03
3.350000000000000000e+01	2.143174593423308106e+05	3.053922726923521580e+01	3.366961963821193837e+00	1.177375833619757195e+01	3.356988544070722141e-02	4.989402946447084665e-06	7.211187502053671983e-01	4.661444084998732519e-06	1.604811949686518929e+05	5.238202449129440538e+03	3.118269118221576264e+03	3.245524992553503694e+02	3.386070299179771287e-02	1.276942244312795228e+05	6.750524153926088511e-01	9.340378246917911340e-03
3.400000000000000000e+01	2.136926245049965219e+05	3.054586586645330470e+01	3.356445552006673161e+00	1.181062294734227613e+01	3.356905096599240024e-02	5.008252630622424672e-06	7.210893205718195142e-01	4.661235214202132969e-06	1.604828589572652127e+05	5.238035677361260241e+03	3.118260258334638365e+03	3.245437733929496176e+02	3.385948960276087549e-02	1.276999464326702437e+05	6.750208287951087183e-01	9.340358541788893257e-03
3.450000000000000000e+01	2.130660249131633900e+05	3.055247749289118175e+01	3.345908922257299523e+00	1.184763758085624730e+01	3.356821610091826474e-02	5.027244750902201720e-06	7.210598507079696295e-01	4.661026338209358982e-06	1.604845232989278738e+05	5.237868889572771877e+03	3.118251398266529122e+03	3.245350489765416455e+02	3.385827795905633347e-02	1.277056690892597690e+05	6.749892431969283235e-01	9.340217978629449663e-03
3.500000000000000000e+01	2.124372716618911945e+05	3.055904206722715344e+01	3.335348180064319656e+00	1.188511082618335557e+01	3.356738084542804784e-02	5.046380928290145140e-06	7.210303405308113867e-01	4.660817457020740053e-06	1.604861879936887999e+05	5.237702085761426133e+03	3.118242538015736045e+03	3.245263260063200619e+02	3.385706806459639479e-02	1.277113924011463096e+05	6.749576585981257315e-01	9.340186517428383448e-03
3.550000000000000000e+01	2.118066901377178147e+05	3.056557838717836262e+01	3.324766320180370105e+00	1.192276749850124773e+01	3.356654519946456611e-02	5.065662808481006533e-06	7.210007899570101131e-01	4.660608570636603139e-06	1.604878530415971181e+05	5.237535265924642772e+03	3.118233677580747099e+03	3.245176044824792712e+02	3.385585992330925054e-02	1.277171163684281346e+05	6.749260749987561203e-01	9.340052934957362996e-03
3.600000000000000000e+01	2.111739490959375107e+05	3.057206942623198387e+01	3.314160002605715860e+00	1.196087042793116950e+01	3.356570916297026835e-02	5.085092062332453686e-06	7.209711989029016221e-01	4.660399679057276039e-06	1.604895184427021304e+05	5.237368430059813363e+03	3.118224816960047065e+03	3.245088844052145305e+02	3.385465353913907904e-02	1.277228409912035422e+05	6.748944923988758893e-01	9.340011123400413645e-03
3.650000000000000000e+01	2.105393198057201225e+05	3.057853115821586698e+01	3.303531696940613660e+00	1.199918710860294091e+01	3.356487273588724951e-02	5.104670386347871726e-06	7.209415672844885492e-01	4.660190782283086557e-06	1.604911841970532842e+05	5.237201578164301282e+03	3.118215956152119816e+03	3.245001657747218360e+02	3.385344891604619155e-02	1.277285662695708743e+05	6.748629107985389952e-01	9.339883083595909921e-03
3.700000000000000000e+01	2.099025198538233526e+05	3.058494916447187606e+01	3.292878532158536764e+00	1.203794133741645211e+01	3.356403591815725063e-02	5.124399503170283280e-06	7.209118950174395746e-01	4.659981880314364187e-06	1.604928503047003178e+05	5.237034710235447164e+03	3.118207095155446950e+03	3.244914485911981501e+02	3.385224605800713632e-02	1.277342922036283417e+05	6.748313301978003942e-01	9.339832107462760213e-03
3.750000000000000000e+01	2.092637745079731976e+05	3.059133700920948939e+01	3.282202531069981166e+00	1.207693707649228543e+01	3.356319870972164499e-02	5.144281162087749315e-06	7.208821820170852046e-01	4.659772973151439274e-06	1.604945167656929989e+05	5.236867826270560727e+03	3.118198233968509157e+03	3.244827328548412311e+02	3.385104496901483045e-02	1.277400187934743008e+05	6.747997505967135989e-01	9.339708369240343547e-03
3.800000000000000000e+01	2.086228426444586657e+05	3.059768249776510629e+01	3.271501218552309354e+00	1.211636486587414829e+01	3.356236111052141730e-02	5.164317139550534426e-06	7.208524281984169946e-01	4.659564060794644700e-06	1.604961835800813860e+05	5.236700926266928036e+03	3.118189372589783943e+03	3.244740185658495761e+02	3.384984565307869175e-02	1.277457460392069333e+05	6.747681719953311230e-01	9.339649224775679187e-03
3.850000000000000000e+01	2.079799104507619049e+05	3.060399714037507124e+01	3.260776237403467892e+00	1.215605980883299786e+01	3.356152312049721226e-02	5.184509239700366896e-06	7.208226334760822196e-01	4.659355143244313350e-06	1.604978507479156542e+05	5.236534010221801509e+03	3.118180511017749268e+03	3.244653057244226488e+02	3.384864811422476361e-02	1.277514739409245230e+05	6.747365943937053689e-01	9.339528715315585997e-03
3.900000000000000000e+01	2.073347716550151818e+05	3.061027063697586925e+01	3.250025446027320797e+00	1.219618414498568626e+01	3.356068473958929294e-02	5.204859294912119662e-06	7.207927977643843187e-01	4.659146220500774719e-06	1.604995182692462113e+05	5.236367078132413553e+03	3.118171649250879909e+03	3.244565943307607085e+02	3.384745235649581213e-02	1.277572024987253972e+05	6.747050177918877401e-01	9.339462235415388336e-03
3.950000000000000000e+01	2.066875792604466260e+05	3.061651274889150542e+01	3.239250164047175584e+00	1.223659955523776866e+01	3.355984596773757545e-02	5.225369166348261133e-06	7.207629209772772327e-01	4.658937292564362539e-06	1.605011861441236688e+05	5.236200129995962016e+03	3.118162787287648825e+03	3.244478843850648104e+02	3.384625838395151354e-02	1.277629317127078393e+05	6.746734421899295286e-01	9.339344025384058862e-03
4.000000000000000000e+01	2.060381563559213246e+05	3.062271478823697635e+01	3.228448530176279530e+00	1.227744422790945933e+01	3.355900680488157345e-02	5.246040744526422330e-06	7.207330030283665145e-01	4.658728359435416470e-06	1.605028543725987256e+05	5.236033165809625643e+03	3.118153925126527611e+03	3.244391758875369760e+02	3.384506620066854432e-02	1.277686615829699585e+05	6.746418675878805837e-01	9.339270902120819229e-03
4.050000000000000000e+01	2.053866277774694900e+05	3.062888502888128173e+01	3.217621589181521635e+00	1.231860251659997019e+01	3.355816725096046754e-02	5.266875949900435224e-06	7.207030438309018905e-01	4.658519421114266854e-06	1.605045229547223717e+05	5.235866185570548623e+03	3.118145062765987859e+03	3.244304688383798521e+02	3.384387581074072698e-02	1.277743921096101549e+05	6.746102939857903102e-01	9.339154184266812431e-03
4.100000000000000000e+01	2.047328412941185234e+05	3.063501615316684834e+01	3.206767714707692285e+00	1.236019219782230394e+01	3.355732730591307056e-02	5.287876733455249716e-06	7.206730432977789258e-01	4.658310477601253352e-06	1.605061918905455968e+05	5.235699189275850586e+03	3.118136200204495708e+03	3.244217632377972222e+02	3.384268721827915494e-02	1.277801232927266683e+05	6.745787213837082241e-01	9.339074988234739860e-03
4.150000000000000000e+01	2.040768978389477124e+05	3.064111517141804342e+01	3.195887717687077245e+00	1.240211696075981962e+01	3.355648696967779288e-02	5.309045077316064679e-06	7.206430013415332514e-01	4.658101528896710541e-06	1.605078611801198858e+05	5.235532176922627514e+03	3.118127337440519568e+03	3.244130590859934387e+02	3.384150042741234515e-02	1.277858551324177242e+05	6.745471497816813988e-01	9.338959058907154304e-03
4.200000000000000000e+01	2.034186658738194965e+05	3.064717592908442256e+01	3.184980168018900937e+00	1.244447728455642910e+01	3.355564624219273262e-02	5.330382995372123671e-06	7.206129178743386765e-01	4.657892575000976389e-06	1.605095308234965778e+05	5.235365148507941740e+03	3.118118474472523303e+03	3.244043563831737629e+02	3.384031544228637695e-02	1.277915876287816063e+05	6.745155791797583511e-01	9.338874255806641975e-03
4.250000000000000000e+01	2.027582260489669861e+05	3.065320436456011066e+01	3.174045677579617308e+00	1.248719334617586263e+01	3.355480512339555077e-02	5.351892533915563285e-06	7.205827928080049682e-01	4.657683615914392249e-06	1.605112008207273611e+05	5.235198104028831040e+03	3.118109611298971231e+03	3.243956551295444228e+02	3.383913226706500299e-02	1.277973207819165254e+05	6.744840095779851552e-01	9.338758499000586466e-03
4.300000000000000000e+01	2.020954641239331395e+05	3.065919530922438341e+01	3.163082979565718045e+00	1.253035098997783692e+01	3.355396361322361687e-02	5.373575772295727460e-06	7.205526260539736327e-01	4.657474651637294393e-06	1.605128711718640989e+05	5.235031043482307723e+03	3.118100747918324032e+03	3.243869553253123854e+02	3.383795090592983668e-02	1.278030545919208234e+05	6.744524409764087736e-01	9.338668463826445623e-03
4.350000000000000000e+01	2.014304435356225295e+05	3.066515379340985348e+01	3.152092516239842990e+00	1.257388445433513269e+01	3.355312171161387719e-02	5.395434823589416187e-06	7.205224175233163608e-01	4.657265682170024175e-06	1.605145418769588578e+05	5.234863966865351358e+03	3.118091884329042387e+03	3.243782569706855838e+02	3.383677136308044231e-02	1.278087890588926675e+05	6.744208733750742812e-01	9.338552337412266494e-03
4.400000000000000000e+01	2.007630644512391009e+05	3.067107548295543751e+01	3.141073156014287715e+00	1.261786722282429096e+01	3.355227941850291717e-02	5.417471835287506504e-06	7.204921671267314753e-01	4.657056707512923798e-06	1.605162129360637337e+05	5.234696874174921504e+03	3.118083020529583791e+03	3.243695600658725766e+02	3.383559364273452247e-02	1.278145241829303413e+05	6.743893067740261982e-01	9.338457366561728548e-03
4.450000000000000000e+01	2.000933756937802245e+05	3.067696464019782354e+01	3.130025196422226319e+00	1.266224553170234657e+01	3.355143673382697533e-02	5.439688989998406588e-06	7.204618747745409335e-01	4.656847727666336308e-06	1.605178843492312299e+05	5.234529765407945888e+03	3.118074156518404834e+03	3.243608646110830023e+02	3.383441774912804290e-02	1.278202599641320121e+05	6.743577411733091553e-01	9.338340390399255120e-03
4.500000000000000000e+01	1.994212893783084874e+05	3.068281763600516143e+01	3.118947617159435470e+00	1.270708244379886942e+01	3.355059365752188771e-02	5.462088506168836744e-06	7.204315403766862191e-01	4.656638742630602215e-06	1.605195561165138788e+05	5.234362640561323133e+03	3.118065292293961193e+03	3.243521706065272951e+02	3.383324368651539210e-02	1.278259964025960071e+05	6.743261765729664514e-01	9.338240711973495173e-03
4.550000000000000000e+01	1.987468419124478824e+05	3.068863808439384755e+01	3.107840592025790993e+00	1.275233444208561728e+01	3.354975018952314342e-02	5.484672638822458229e-06	7.204011638427271214e-01	4.656429752406067106e-06	1.605212282379644457e+05	5.234195499631925486e+03	3.118056427854704907e+03	3.243434780524165149e+02	3.383207145916952707e-02	1.278317334984205081e+05	6.742946129730408300e-01	9.338122457650935293e-03
4.600000000000000000e+01	1.980699552650710102e+05	3.069442295069343629e+01	3.096703191592442561e+00	1.279805582180097367e+01	3.354890632976587767e-02	5.507443680316819165e-06	7.203707450818384039e-01	4.656220756993076571e-06	1.605229007136358123e+05	5.234028342616603368e+03	3.118047563199087563e+03	3.243347869489629716e+02	3.383090107138211206e-02	1.278374712517036969e+05	6.742630503735745906e-01	9.338018240187357863e-03
4.650000000000000000e+01	1.973906552855535119e+05	3.070017530284324181e+01	3.085535483608653262e+00	1.284421183038316094e+01	3.354806207818481628e-02	5.530403961119174034e-06	7.203402840028046983e-01	4.656011756391974506e-06	1.605245735435812385e+05	5.233861169512171728e+03	3.118038698325559835e+03	3.243260972963795439e+02	3.382973252746369897e-02	1.278432096625439153e+05	6.742314887746090335e-01	9.337898322159803033e-03
4.700000000000000000e+01	1.967088720128216955e+05	3.070589260617784433e+01	3.074336612099425547e+00	1.289084940227288101e+01	3.354721743471435202e-02	5.553555850601761224e-06	7.203097805140191712e-01	4.655802750603105653e-06	1.605262467278539261e+05	5.233693980315423687e+03	3.118029833232568308e+03	3.243174090948799630e+02	3.382856583174385923e-02	1.278489487310393743e+05	6.741999281761851259e-01	9.337789681998330191e-03
4.750000000000000000e+01	1.960246223048243264e+05	3.071157746993149829e+01	3.063106553626028017e+00	1.293794129877181476e+01	3.354637239928846826e-02	5.576901757857046826e-06	7.202792345234803051e-01	4.655593739626820684e-06	1.605279202665073972e+05	5.233526775023123264e+03	3.118020967918560928e+03	3.243087223446789835e+02	3.382740098857135724e-02	1.278546884572882263e+05	6.741683685783428359e-01	9.337667749929964497e-03
4.800000000000000000e+01	1.953378427493502677e+05	3.071722777871383769e+01	3.051844510769877505e+00	1.298552828874722920e+01	3.354552697184080140e-02	5.600444132533572511e-06	7.202486459387867912e-01	4.655384723463466035e-06	1.605295941595952609e+05	5.233359553632002644e+03	3.118012102381981094e+03	3.243000370459921555e+02	3.382623800231430305e-02	1.278604288413887116e+05	6.741368099811216874e-01	9.337554757389341861e-03
4.850000000000000000e+01	1.946485425333463063e+05	3.072284575777698734e+01	3.040550381370061395e+00	1.303358959650859106e+01	3.354468115230463399e-02	5.624185465692995326e-06	7.202180146671370853e-01	4.655175702113390684e-06	1.605312684071714466e+05	5.233192316138775823e+03	3.118003236621272208e+03	3.242913531990357683e+02	3.382507687736030499e-02	1.278661698834390700e+05	6.741052523845603162e-01	9.337430489530090805e-03
4.900000000000000000e+01	1.939566634937434283e+05	3.072842964193286264e+01	3.029223413792857755e+00	1.308216083880018665e+01	3.354383494061281834e-02	5.648128290688940280e-06	7.201873406153230794e-01	4.654966675576945303e-06	1.605329430092900584e+05	5.233025062540117688e+03	3.117994370634875395e+03	3.242826708040270773e+02	3.382391761811665704e-02	1.278719115835374832e+05	6.740736957886968028e-01	9.337313174043876396e-03
4.950000000000000000e+01	1.932622082582555886e+05	3.073398133645455488e+01	3.017863437587560149e+00	1.313122682463940905e+01	3.354298833669790147e-02	5.672275184068361985e-06	7.201566236897289919e-01	4.654757643854480563e-06	1.605346179660051421e+05	5.232857792832687664e+03	3.117985504421230416e+03	3.242739898611841909e+02	3.382276022901049145e-02	1.278776539417821332e+05	6.740421401935688950e-01	9.337186271494039846e-03
5.000000000000000000e+01	1.925651227992760250e+05	3.073949936714117825e+01	3.006469735916347474e+00	1.318081887574881073e+01	3.354214134049203488e-02	5.696628766496024367e-06	7.201258637963262599e-01	4.654548606946346288e-06	1.605362932773712673e+05	5.232690507013108800e+03	3.117976637978775670e+03	3.242653103707261266e+02	3.382160471448892453e-02	1.278833969582713326e+05	6.740105855992133410e-01	9.337064625834350443e-03
5.050000000000000000e+01	1.918654041208708950e+05	3.074498537425138167e+01	2.995042078749633685e+00	1.323092665704902515e+01	3.354129395192698149e-02	5.721191703702833671e-06	7.200950608406718745e-01	4.654339564852899080e-06	1.605379689434429456e+05	5.232523205077982311e+03	3.117967771305945917e+03	3.242566323328725844e+02	3.382045107901927861e-02	1.278891406331031321e+05	6.739790320056661121e-01	9.336934807571018596e-03
5.100000000000000000e+01	1.911630013726473844e+05	3.075043812364378226e+01	2.983579774542651997e+00	1.328157791758042627e+01	3.354044617093412950e-02	5.745966707458752363e-06	7.200642147279019412e-01	4.654130517574488763e-06	1.605396449642749794e+05	5.232355887023874857e+03	3.117958904401176369e+03	3.242479557478443439e+02	3.381929932708920006e-02	1.278948849663758592e+05	6.739474794129622914e-01	9.336808791266625399e-03
5.150000000000000000e+01	1.904579067224180908e+05	3.075585903795820997e+01	2.972082540944747553e+00	1.333276657944208310e+01	3.353959799744452713e-02	5.770956536571020680e-06	7.200333253627317909e-01	4.653921465111469397e-06	1.605413213399222877e+05	5.232188552847333085e+03	3.117950037262900423e+03	3.242392806158628673e+02	3.381814946320686049e-02	1.279006299581876519e+05	6.739159278211370729e-01	9.336675789824083749e-03
5.200000000000000000e+01	1.897500716676532757e+05	3.076124707909605860e+01	2.960549703430417345e+00	1.338451742477288775e+01	3.353874943138881320e-02	5.796163997908456636e-06	7.200023926494494297e-01	4.653712407464200124e-06	1.605429980704401096e+05	5.232021202544870903e+03	3.117941169889547837e+03	3.242306069371506396e+02	3.381700149190115107e-02	1.279063756086366193e+05	6.738843772302245405e-01	9.336545331863576463e-03
5.250000000000000000e+01	1.890394842033213936e+05	3.076660349319890031e+01	2.948980933363936519e+00	1.343682814802438408e+01	3.353790047269729346e-02	5.821591947452646778e-06	7.199714164919133186e-01	4.653503344633034156e-06	1.605446751558836841e+05	5.231853836112978570e+03	3.117932302279548821e+03	3.242219347119308850e+02	3.381585541772181430e-02	1.279121219178210304e+05	6.738528276402577788e-01	9.336408889574789732e-03
5.300000000000000000e+01	1.883260974511882814e+05	3.077192739988856118e+01	2.937375565970550273e+00	1.348972106885176103e+01	3.353705112129983651e-02	5.847243291376837461e-06	7.199403967935473769e-01	4.653294276618327248e-06	1.605463525963085121e+05	5.231686453548114514e+03	3.117923434431330861e+03	3.242132639404277370e+02	3.381471124523966615e-02	1.279178688858390815e+05	6.738212790512696504e-01	9.336273890467001318e-03
5.350000000000000000e+01	1.876098957938381063e+05	3.077721990480175407e+01	2.925733231343931706e+00	1.354319726985226247e+01	3.353620137712602645e-02	5.873120987153427887e-06	7.199093334573390957e-01	4.653085203420437695e-06	1.605480303917703568e+05	5.231519054846712606e+03	3.117914566343319621e+03	3.242045946228662388e+02	3.381356897904676251e-02	1.279236165127889108e+05	6.737897314632925738e-01	9.336133756188439922e-03
5.400000000000000000e+01	1.868908333392657223e+05	3.078248025156770851e+01	2.914053268000445840e+00	1.359727702374814839e+01	3.353535124010497553e-02	5.899228044690851795e-06	7.198782263858345409e-01	4.652876125039727179e-06	1.605497085423250974e+05	5.231351640005180343e+03	3.117905698013940309e+03	3.241959267594722292e+02	3.381242862375660047e-02	1.279293647987686709e+05	6.737581848763573023e-01	9.335994089439565366e-03
5.450000000000000000e+01	1.861688913335942489e+05	3.078770943721696796e+01	2.902335268930473333e+00	1.365196450704819142e+01	3.353450071016550460e-02	5.925567527500898132e-06	7.198470754811342465e-01	4.652667041476553148e-06	1.605513870480287296e+05	5.231184209019894297e+03	3.117896829441614500e+03	3.241872603504725134e+02	3.381129018400427094e-02	1.279351137438765873e+05	6.737266392904951440e-01	9.335850015693926765e-03
5.500000000000000000e+01	1.854440243005041848e+05	3.079290679929918184e+01	2.890578570116896895e+00	1.370727828226193701e+01	3.353364978723598344e-02	5.952142553897304177e-06	7.198158806448893277e-01	4.652457952731277286e-06	1.605530659089375986e+05	5.231016761887201028e+03	3.117887960624762854e+03	3.241785953960946358e+02	3.381015366444668768e-02	1.279408633482107252e+05	6.736950947057357419e-01	9.335705528744769888e-03
5.550000000000000000e+01	1.847162107573313406e+05	3.079807325498537907e+01	2.878782730920283583e+00	1.376322540733633737e+01	3.353279847124448348e-02	5.978956298226693468e-06	7.197846417782980399e-01	4.652248858804259582e-06	1.605547451251080201e+05	5.230849298603426178e+03	3.117879091561805126e+03	3.241699318965671068e+02	3.380901906976278154e-02	1.279466136118692957e+05	6.736635511221087391e-01	9.335557269228033500e-03
5.600000000000000000e+01	1.839854051242655842e+05	3.080320820837795992e+01	2.866947079444325475e+00	1.381982300021148191e+01	3.353194676211865288e-02	6.006011992132806354e-06	7.197533587821025591e-01	4.652039759695861718e-06	1.605564246965966886e+05	5.230681819164867193e+03	3.117870222251158793e+03	3.241612698521192897e+02	3.380788640465364620e-02	1.279523645349505387e+05	6.736320085396426682e-01	9.335407783882893051e-03
5.650000000000000000e+01	1.832515835438995564e+05	3.080831252326399294e+01	2.855071144335915800e+00	1.387708086364862226e+01	3.353109465978578591e-02	6.033312925855133640e-06	7.197220315565820981e-01	4.651830655406449612e-06	1.605581046234604728e+05	5.230514323567786050e+03	3.117861352691239063e+03	3.241526092629814571e+02	3.380675567384280877e-02	1.279581161175524176e+05	6.736004669583657289e-01	9.335255091294009447e-03
5.700000000000000000e+01	1.825146998503363866e+05	3.081338564479253250e+01	2.843154240810164435e+00	1.393501487116444792e+01	3.353024216417278131e-02	6.060862449563039225e-06	7.196906600015521294e-01	4.651621545936387490e-06	1.605597849057562707e+05	5.230346811808425628e+03	3.117852482880460684e+03	3.241439501293845638e+02	3.380562688207638250e-02	1.279638683597731724e+05	6.735689263783053438e-01	9.335100403658492738e-03
5.750000000000000000e+01	1.817747281252224348e+05	3.081842840841491338e+01	2.831195869282917776e+00	1.399363750588380562e+01	3.352938927520615620e-02	6.088663974726475394e-06	7.196592440163568360e-01	4.651412431286038728e-06	1.605614655435412424e+05	5.230179283882994241e+03	3.117843612817235680e+03	3.241352924515607015e+02	3.380450003412328180e-02	1.279696212617109704e+05	6.735373867994878250e-01	9.334943027820005040e-03
5.800000000000000000e+01	1.810316211567096470e+05	3.082344027584858637e+01	2.819195327274337970e+00	1.405296353499982764e+01	3.352853599281210156e-02	6.116720975524514762e-06	7.196277834998685563e-01	4.651203311455768397e-06	1.605631465368728095e+05	5.230011739787682927e+03	3.117834742499974254e+03	3.241266362297427577e+02	3.380337513477543049e-02	1.279753748234639206e+05	6.735058482219398179e-01	9.334782907752565626e-03
5.850000000000000000e+01	1.802853512516104674e+05	3.082842207866563555e+01	2.807152089133280626e+00	1.411300812828686979e+01	3.352768231691635736e-02	6.145036990292887225e-06	7.195962783504795679e-01	4.650994186445944956e-06	1.605648278858084523e+05	5.229844179518640885e+03	3.117825871927085245e+03	3.241179814641644725e+02	3.380225218884798377e-02	1.279811290451301466e+05	6.734743106456861916e-01	9.334620594002045538e-03
5.900000000000000000e+01	1.795358697016554652e+05	3.083337327086121959e+01	2.795065429953828229e+00	1.417378502395879458e+01	3.352682824744435131e-02	6.173615623011806885e-06	7.195647284661010890e-01	4.650785056256937713e-06	1.605665095904059417e+05	5.229676603071999125e+03	3.117817001096977492e+03	3.241093281550602683e+02	3.380113120117952258e-02	1.279868839268077136e+05	6.734427740707513710e-01	9.334454784069299779e-03
5.950000000000000000e+01	1.787831473094093963e+05	3.083829470484944579e+01	2.782934799973171724e+00	1.423531215635084024e+01	3.352597378432110864e-02	6.202460544835385750e-06	7.195331337441561725e-01	4.650575920889112585e-06	1.605681916507232818e+05	5.229509010443858642e+03	3.117808130008054377e+03	3.241006763026658746e+02	3.380001217663227558e-02	1.279926394685948326e+05	6.734112384971602250e-01	9.334287271912398987e-03
6.000000000000000000e+01	1.780271334158467362e+05	3.084318580192438830e+01	2.770759447076920345e+00	1.429760225030584841e+01	3.352511892747125910e-02	6.231575495664019114e-06	7.195014940815774862e-01	4.650366780342841419e-06	1.605698740668184473e+05	5.229341401630293149e+03	3.117799258658720191e+03	3.240920259072175895e+02	3.379889512009235514e-02	1.279983956705895398e+05	6.733797039249357352e-01	9.334115485823189437e-03
6.050000000000000000e+01	1.772677975865286135e+05	3.084804746123643682e+01	2.758538799246054829e+00	1.436067615764566696e+01	3.352426367681909936e-02	6.260964285761134279e-06	7.194698093748009837e-01	4.650157634618493523e-06	1.605715568387497333e+05	5.229173776627349980e+03	3.117790387047378317e+03	3.240833769689525070e+02	3.379778003646995155e-02	1.280041525328899879e+05	6.733481703541003283e-01	9.333942507852263301e-03
6.100000000000000000e+01	1.765050867398338451e+05	3.085287904476586007e+01	2.746272072194576364e+00	1.442454554025597346e+01	3.352340803228850280e-02	6.290630797415794261e-06	7.194380795197619083e-01	4.649948483716440743e-06	1.605732399665756675e+05	5.229006135431042821e+03	3.117781515172428044e+03	3.240747294881089715e+02	3.379666693069956901e-02	1.280099100555942714e+05	6.733166377846763195e-01	9.333764428329213714e-03
6.150000000000000000e+01	1.757389694808955246e+05	3.085768152646691220e+01	2.733958673514600424e+00	1.448923440155407860e+01	3.352255199380297507e-02	6.320578986652656565e-06	7.194063044118903516e-01	4.649739327637056621e-06	1.605749234503548651e+05	5.228838478037363529e+03	3.117772643032268206e+03	3.240660834649258959e+02	3.379555580774026152e-02	1.280156682388004701e+05	6.732851062166848033e-01	9.333585709424658053e-03
6.200000000000000000e+01	1.749693898016283347e+05	3.086245417970141602e+01	2.721597781467765209e+00	1.455475321943320743e+01	3.352169556128566097e-02	6.350812884990883681e-06	7.193744839461061469e-01	4.649530166380714699e-06	1.605766072901462612e+05	5.228670804442273038e+03	3.117763770625295365e+03	3.240574388996431594e+02	3.379444667257586188e-02	1.280214270826066204e+05	6.732535756501462076e-01	9.333400985450780382e-03
6.250000000000000000e+01	1.741963156463194755e+05	3.086719808460175329e+01	2.709188785256041232e+00	1.462112947355575621e+01	3.352083873465932368e-02	6.381336601253642637e-06	7.193426180168139838e-01	4.649320999947785976e-06	1.605782914860087621e+05	5.228503114641706816e+03	3.117754897949905626e+03	3.240487957925016076e+02	3.379333953021520370e-02	1.280271865871109767e+05	6.732220460850812938e-01	9.333216242299425397e-03
6.300000000000000000e+01	1.734196875285459391e+05	3.087191239269865406e+01	2.696730819940607482e+00	1.468837225583167516e+01	3.351998151384633085e-02	6.412154323429914748e-06	7.193107065178990789e-01	4.649111828338650772e-06	1.605799760380016814e+05	5.228335408631571227e+03	3.117746025004491912e+03	3.240401541437428818e+02	3.379223438569238513e-02	1.280329467524114152e+05	6.731905175215088244e-01	9.333024485655825112e-03
6.350000000000000000e+01	1.726394730696069309e+05	3.087659832630535561e+01	2.684223258595716199e+00	1.475651295046749567e+01	3.351912389876868931e-02	6.443270320590344391e-06	7.192787493427210688e-01	4.648902651553680086e-06	1.605816609461843036e+05	5.228167686407745350e+03	3.117737151787446692e+03	3.240315139536095899e+02	3.379113124406697005e-02	1.280387075786061614e+05	6.731589899594475623e-01	9.332833426639923491e-03
6.400000000000000000e+01	1.718556086867742997e+05	3.088125487656619583e+01	2.671665186698299443e+00	1.482555896706173648e+01	3.351826588934800344e-02	6.474688944859021585e-06	7.192467463841107911e-01	4.648693469593256776e-06	1.605833462106163788e+05	5.227999947966078253e+03	3.117728278297159704e+03	3.240228752223450783e+02	3.379003011042427257e-02	1.280444690657931933e+05	6.731274633989154932e-01	9.332634207622042197e-03
6.450000000000000000e+01	1.710680620720468287e+05	3.088588345018106907e+01	2.659055963872273054e+00	1.489554614393085963e+01	3.351740748550552373e-02	6.506414633443086439e-06	7.192146975343627346e-01	4.648484282457756080e-06	1.605850318313576281e+05	5.227832193302393534e+03	3.117719404532018416e+03	3.240142379501936603e+02	3.378893098987559990e-02	1.280502312140705617e+05	6.730959378399301585e-01	9.332436533156671099e-03
6.500000000000000000e+01	1.702767648413419956e+05	3.089048283228459368e+01	2.646394618796727993e+00	1.496647979960204644e+01	3.351654868716211211e-02	6.538451910722117181e-06	7.191826026852318199e-01	4.648275090147554926e-06	1.605867178084678890e+05	5.227664422412488420e+03	3.117710530490411202e+03	3.240056021374007287e+02	3.378783388755847439e-02	1.280559940235364338e+05	6.730644132825079895e-01	9.332229375321954984e-03
6.550000000000000000e+01	1.694816852275545825e+05	3.089505466428093072e+01	2.633680500915179135e+00	1.503840092046453591e+01	3.351568949423824884e-02	6.570805390399430364e-06	7.191504617279275147e-01	4.648065892663037020e-06	1.605884041420075228e+05	5.227496635292127394e+03	3.117701656170722345e+03	3.239969677842122451e+02	3.378673880863691803e-02	1.280617574942887441e+05	6.730328897266650845e-01	9.332024778749052618e-03
6.600000000000000000e+01	1.686827492282735475e+05	3.089959747049697825e+01	2.620912573836984283e+00	1.511131218886912286e+01	3.351482990665399786e-02	6.603479777717365947e-06	7.191182745531080611e-01	4.647856690004582680e-06	1.605900908320367162e+05	5.227328831937050381e+03	3.117692781571334763e+03	3.239883348908752509e+02	3.378564575830170919e-02	1.280675216264255723e+05	6.730013671724165425e-01	9.331809152508188307e-03
6.650000000000000000e+01	1.678799261888228066e+05	3.090411318781690042e+01	2.608090180900525912e+00	1.518526060759437435e+01	3.351396992432911781e-02	6.636479871738884039e-06	7.190860410508752576e-01	4.647647482172570530e-06	1.605917778786160052e+05	5.227161012342969116e+03	3.117683906690630010e+03	3.239797034576376404e+02	3.378455474177063933e-02	1.280732864200449985e+05	6.729698456197774625e-01	9.331597321693373831e-03
6.700000000000000000e+01	1.670731355296888214e+05	3.090860001318226580e+01	2.595212211041960870e+00	1.526024551017853348e+01	3.351310954718291629e-02	6.669810567697674753e-06	7.190537611107703508e-01	4.647438269167390205e-06	1.605934652818061877e+05	5.226993176505568044e+03	3.117675031526988278e+03	3.239710734847482740e+02	3.378346576428878367e-02	1.280790518752448843e+05	6.729383250687610563e-01	9.331372636502091589e-03
6.750000000000000000e+01	1.662623484117463522e+05	3.091306025310443673e+01	2.582278006634362466e+00	1.533632099696426998e+01	3.351224877513434008e-02	6.703476859419334968e-06	7.190214346217647101e-01	4.647229050989417788e-06	1.605951530416680325e+05	5.226825324420499783e+03	3.117666156078787935e+03	3.239624449724566944e+02	3.378237883112875789e-02	1.280848179921235569e+05	6.729068055193808684e-01	9.331153256330035339e-03
6.800000000000000000e+01	1.654474765414311260e+05	3.091749169553341403e+01	2.569286370674414233e+00	1.541348213214856422e+01	3.351138760810200290e-02	6.737483841816005720e-06	7.189890614722594941e-01	4.647019827639043760e-06	1.605968411582627159e+05	5.226657456083396937e+03	3.117657280344405535e+03	3.239538179210136377e+02	3.378129394759102344e-02	1.280905847707787179e+05	6.728752869716501106e-01	9.330918851173484671e-03
6.850000000000000000e+01	1.646284937671538501e+05	3.092189710777594414e+01	2.556236651093590329e+00	1.549179145696191995e+01	3.351052604600406742e-02	6.771836713457188352e-06	7.189566415500751040e-01	4.646810599116653523e-06	1.605985296316515014e+05	5.226489571489857553e+03	3.117648404322214901e+03	3.239451923306705226e+02	3.378021111900415124e-02	1.280963522113085055e+05	6.728437694255803292e-01	9.330691607199887924e-03
6.900000000000000000e+01	1.638053027214566828e+05	3.092627376807055839e+01	2.543127551614665638e+00	1.557123858581811326e+01	3.350966408875833552e-02	6.806540779219365209e-06	7.189241747424468532e-01	4.646601365422630781e-06	1.606002184618958272e+05	5.226321670635451483e+03	3.117639528010588947e+03	3.239365682016796200e+02	3.377913035072509229e-02	1.281021203138110723e+05	6.728122528811826264e-01	9.330446738974698326e-03
6.950000000000000000e+01	1.629778810274565767e+05	3.093062501730824110e+01	2.529958434032341330e+00	1.565189616930395822e+01	3.350880173628224823e-02	6.841601453017367499e-06	7.188916609360203047e-01	4.646392126557363475e-06	1.606019076490573352e+05	5.226153753515725839e+03	3.117630651407900586e+03	3.239279455342943379e+02	3.377805164813949684e-02	1.281078890783842362e+05	6.727807373384677714e-01	9.330211322575361968e-03
7.000000000000000000e+01	1.621461206056598166e+05	3.093494749901902097e+01	2.516727886892460297e+00	1.573374686476928375e+01	3.350793898849283026e-02	6.877024260620349026e-06	7.188591000168447209e-01	4.646182882521244630e-06	1.606035971931978129e+05	5.225985820126193175e+03	3.117621774512517732e+03	3.239193243287687665e+02	3.377697501666196422e-02	1.281136585051259754e+05	6.727492227974458672e-01	9.329955151866117791e-03
7.050000000000000000e+01	1.613100042141911108e+05	3.093924526791801100e+01	2.503435296436253399e+00	1.581687550627631644e+01	3.350707584530677324e-02	6.912814842555503226e-06	7.188264918703651807e-01	4.645973633314659645e-06	1.606052870943794260e+05	5.225817870462344217e+03	3.117612897322809204e+03	3.239107045853580757e+02	3.377590046173638977e-02	1.281194285941343260e+05	6.727177092581262396e-01	9.329711267329437313e-03
7.100000000000000000e+01	1.604694110760054900e+05	3.094351417698967310e+01	2.490079116939438286e+00	1.590125587391585960e+01	3.350621230664032474e-02	6.948978957102692249e-06	7.187938363814186937e-01	4.645764378938003237e-06	1.606069773526642530e+05	5.225649904519638767e+03	3.117604019837140640e+03	3.239020863043181748e+02	3.377482798883623544e-02	1.281251993455072807e+05	6.726861967205173265e-01	9.329442840934792577e-03
7.150000000000000000e+01	1.596243307905413967e+05	3.094775916988852060e+01	2.476658772577720491e+00	1.598698756798311926e+01	3.350534837240937841e-02	6.985522483383362665e-06	7.187611334342260960e-01	4.645555119391664195e-06	1.606086679681146925e+05	5.225481922293506614e+03	3.117595142053876771e+03	3.238934694859058823e+02	3.377375760346482819e-02	1.281309707593428029e+05	6.726546851846267883e-01	9.329190215083700208e-03
7.200000000000000000e+01	1.587746274637498136e+05	3.095197511400118984e+01	2.463172560296750913e+00	1.607403304741371741e+01	3.350448404252946710e-02	7.022451424547201148e-06	7.187283829123866097e-01	4.645345854676033848e-06	1.606103589407933468e+05	5.225313923779355719e+03	3.117586263971380049e+03	3.238848541303789830e+02	3.377268931115571388e-02	1.281367428357388708e+05	6.726231746504623965e-01	9.328908444465910596e-03
7.250000000000000000e+01	1.579202996807409218e+05	3.095616806140614585e+01	2.449619959390987756e+00	1.616250990211008798e+01	3.350361931691570039e-02	7.059771911060144431e-06	7.186955846988711816e-01	4.645136584791509454e-06	1.606120502707630803e+05	5.225145908972558573e+03	3.117577385588011111e+03	3.238762402379963419e+02	3.377162311747292783e-02	1.281425155747933895e+05	6.725916651180308126e-01	9.328646839577684619e-03
7.300000000000000000e+01	1.570611934680942213e+05	3.096033164889172085e+01	2.435999081474647276e+00	1.625236615945062013e+01	3.350275419548280620e-02	7.097490204097587362e-06	7.186627386760152669e-01	4.644927309738482342e-06	1.606137419580867572e+05	5.224977877868465839e+03	3.117568506902129684e+03	3.238676278090173923e+02	3.377055902801133491e-02	1.281482889766043518e+05	6.725601565873374765e-01	9.328350474170908277e-03
7.350000000000000000e+01	1.561973190957144543e+05	3.096447331300100103e+01	2.422309482846352946e+00	1.634374143245478095e+01	3.350188867814516552e-02	7.135612699046643913e-06	7.186298447255135002e-01	4.644718029517353159e-06	1.606154340028274746e+05	5.224809830462394530e+03	3.117559627912093674e+03	3.238590168437025909e+02	3.376949704839695560e-02	1.281540630412696628e+05	6.725286490583882726e-01	9.328079705203972880e-03
7.400000000000000000e+01	1.553285008677774458e+05	3.096858515117158817e+01	2.408549055617367429e+00	1.643656535559030729e+01	3.350102276481675689e-02	7.174145929121691223e-06	7.185969027284107025e-01	4.644508744128512388e-06	1.606171264050487080e+05	5.224641766749640738e+03	3.117550748616258261e+03	3.238504073423134741e+02	3.376843718428729907e-02	1.281598377688872861e+05	6.724971425311873086e-01	9.327767299208722732e-03
7.450000000000000000e+01	1.544547641413666133e+05	3.097267633270811515e+01	2.394717460956543587e+00	1.653100462695559258e+01	3.350015645541111475e-02	7.213096569097331886e-06	7.185639125650964409e-01	4.644299453572360674e-06	1.606188191648139036e+05	5.224473686725465086e+03	3.117541869012978168e+03	3.238417993051122039e+02	3.376737944137171016e-02	1.281656131595551269e+05	6.724656370057381372e-01	9.327487256663441126e-03
7.500000000000000000e+01	1.535759069997777988e+05	3.097673702537483109e+01	2.380812329575474173e+00	1.662696543700254637e+01	3.349928974984151681e-02	7.252471439163450111e-06	7.185308741152980350e-01	4.644090157849296971e-06	1.606205122821867699e+05	5.224305590385105461e+03	3.117532989100605391e+03	3.238331927323621358e+02	3.376632382537168159e-02	1.281713892133711634e+05	6.724341324820451993e-01	9.327157127547790888e-03
7.550000000000000000e+01	1.526919741824716621e+05	3.098077857209198172e+01	2.366833462994285320e+00	1.672464794131991894e+01	3.349842264802072034e-02	7.292277508906840019e-06	7.184977872580728953e-01	4.643880856959721924e-06	1.606222057572311605e+05	5.224137477723769734e+03	3.117524108877490562e+03	3.238245876243273074e+02	3.376527034204122868e-02	1.281771659304331988e+05	6.724026289601100492e-01	9.326867807710482669e-03
7.600000000000000000e+01	1.518027319753800111e+05	3.098478871597483320e+01	2.352778178927592556e+00	1.682392843547028249e+01	3.349755514986117039e-02	7.332521901424454381e-06	7.184646518718006414e-01	4.643671550904034487e-06	1.606238995900113077e+05	5.223969348736636675e+03	3.117515228341982493e+03	3.238159839812727796e+02	3.376421899716723629e-02	1.281829433108391968e+05	6.723711264399352405e-01	9.326517984103442280e-03
7.650000000000000000e+01	1.509082499310805288e+05	3.098878153331275342e+01	2.338646464436704431e+00	1.692504858081656849e+01	3.349668725527493729e-02	7.373211897573267920e-06	7.184314678341762184e-01	4.643462239682636153e-06	1.606255937805913563e+05	5.223801203418857767e+03	3.117506347492429086e+03	3.238073818034645797e+02	3.376316979656981965e-02	1.281887213546870626e+05	6.723396249215218834e-01	9.326219528984052917e-03
7.700000000000000000e+01	1.500082555992363777e+05	3.099274171293393820e+01	2.324435260422767602e+00	1.702784652372371355e+01	3.349581896417364035e-02	7.414354940362088931e-06	7.183982350222030133e-01	4.643252923295930957e-06	1.606272883290358295e+05	5.223633041765557209e+03	3.117497466327175516e+03	3.237987810911694737e+02	3.376212274610267822e-02	1.281945000620746432e+05	6.723081244048703109e-01	9.325847684940566026e-03
7.750000000000000000e+01	1.491028502236147760e+05	3.099668677745588852e+01	2.310144797077657852e+00	1.713261563062021509e+01	3.349495027646857276e-02	7.455958639490982491e-06	7.183649533121845288e-01	4.643043601744321239e-06	1.606289832354093378e+05	5.223464863771831915e+03	3.117488584844565139e+03	3.237901818446551943e+02	3.376107785165347736e-02	1.282002794330998731e+05	6.722766248899806341e-01	9.325540434963747530e-03
7.800000000000000000e+01	1.481917139515643357e+05	3.100059755796227279e+01	2.295771559230670444e+00	1.723914531364857439e+01	3.349408119207061829e-02	7.498030776043971893e-06	7.183316225797156118e-01	4.642834275028212729e-06	1.606306784997768118e+05	5.223296669432746057e+03	3.117479703042939946e+03	3.237815840641906107e+02	3.376003511914423688e-02	1.282060594678606139e+05	6.722451263768520757e-01	9.325143806639601615e-03
7.850000000000000000e+01	1.472749884452290717e+05	3.100449593440567853e+01	2.281316093661005961e+00	1.734779361460242342e+01	3.349321171089026522e-02	7.540579307341195739e-06	7.182982426996763481e-01	4.642624943148009460e-06	1.606323741222031822e+05	5.223128458743341980e+03	3.117470820920641472e+03	3.237729877500451607e+02	3.375899455453169190e-02	1.282118401664547127e+05	6.722136288654831926e-01	9.324828370155755289e-03
7.900000000000000000e+01	1.463522955870946462e+05	3.100835785156427704e+01	2.266774330287204986e+00	1.745828760456731743e+01	3.349234183283764793e-02	7.583612371956870034e-06	7.182648135462231798e-01	4.642415606104120550e-06	1.606340701027537289e+05	5.222960231698629286e+03	3.117461938476007617e+03	3.237643929024894760e+02	3.375795616380769526e-02	1.282176215289800020e+05	6.721821323558723194e-01	9.324403649676776124e-03
7.950000000000000000e+01	1.454238285534141760e+05	3.101221071461778678e+01	2.252147226283506498e+00	1.757106655407513074e+01	3.349147155782247059e-02	7.627138294909668065e-06	7.182313349927806900e-01	4.642206263896953422e-06	1.606357664414938772e+05	5.222791988293593931e+03	3.117453055707374915e+03	3.237557995217949838e+02	3.375691995299961307e-02	1.282234035555343726e+05	6.721506368480161253e-01	9.324080994712055995e-03
8.000000000000000000e+01	1.444891372965705232e+05	3.101602426094889253e+01	2.237430032904032196e+00	1.768577765547144764e+01	3.349060088575405575e-02	7.671165593032455281e-06	7.181978069120313890e-01	4.641996916526914651e-06	1.606374631384891982e+05	5.222623728523185491e+03	3.117444172613078536e+03	3.237472076082340209e+02	3.375588592817074102e-02	1.282291862462156423e+05	6.721191423419113908e-01	9.323624194340985119e-03
8.050000000000000000e+01	1.435484806449787575e+05	3.101983292324557340e+01	2.222624237691936511e+00	1.780296261225398879e+01	3.348972981654137204e-02	7.715702980528765288e-06	7.181642291759116059e-01	4.641787563994417590e-06	1.606391601938054955e+05	5.222455452382335352e+03	3.117435289191453194e+03	3.237386171620798336e+02	3.375485409542069298e-02	1.282349696011216147e+05	6.720876488375540081e-01	9.323295769834795410e-03
8.100000000000000000e+01	1.426013193672082270e+05	3.102359852887373393e+01	2.207724257667670553e+00	1.792216606927493672e+01	3.348885835009297179e-02	7.760759374723445438e-06	7.181306016555978333e-01	4.641578206299867967e-06	1.606408576075087476e+05	5.222287159865939429e+03	3.117426405440828603e+03	3.237300281836066915e+02	3.375382446088583122e-02	1.282407536203502386e+05	6.720561563349393142e-01	9.322802047273077639e-03
8.150000000000000000e+01	1.416479960012254014e+05	3.102736447720643298e+01	2.192732264450880653e+00	1.804405942781705363e+01	3.348798648631700486e-02	7.806343902015620479e-06	7.180969242215026194e-01	4.641368843443684217e-06	1.606425553796650784e+05	5.222118850968869083e+03	3.117417521359537204e+03	3.237214406730897167e+02	3.375279703073969656e-02	1.282465383039990993e+05	6.720246648340616469e-01	9.322469943534469200e-03
8.200000000000000000e+01	1.406878602671852859e+05	3.103108248347246345e+01	2.177641644481906891e+00	1.816805539447186035e+01	3.348711422512128805e-02	7.852465904042244685e-06	7.180631967432609120e-01	4.641159475426274609e-06	1.606442535103408445e+05	5.221950525685966568e+03	3.117408636945905073e+03	3.237128546308048840e+02	3.375177181119343173e-02	1.282523236521662038e+05	6.719931743349152331e-01	9.321933376131213977e-03
8.250000000000000000e+01	1.397213615350092005e+05	3.103480742595182207e+01	2.162455450780111033e+00	1.829499026281352059e+01	3.348624156641320793e-02	7.899134944060935570e-06	7.180294190897247297e-01	4.640950102248053343e-06	1.606459519996026938e+05	5.221782184012045036e+03	3.117399752198260103e+03	3.237042700570291913e+02	3.375074880849622538e-02	1.282581096649493120e+05	6.719616848374935225e-01	9.321600537631553191e-03
8.300000000000000000e+01	1.387477106654373929e+05	3.103847804908043173e+01	2.147165790398744445e+00	1.842410657078098524e+01	3.348536851009974169e-02	7.946360813561381141e-06	7.179955911289522819e-01	4.640740723909437159e-06	1.606476508475172741e+05	5.221613825941892173e+03	3.117390867114926550e+03	3.236956869520406030e+02	3.374972802893576318e-02	1.282638963424461544e+05	6.719301963417882995e-01	9.321013829099259254e-03
8.350000000000000000e+01	1.377674935500318825e+05	3.104216397694239760e+01	2.131776851646773441e+00	1.855645111752170351e+01	3.348449505608751264e-02	7.994153539114756625e-06	7.179617127281986422e-01	4.640531340410843643e-06	1.606493500541515532e+05	5.221445451470263833e+03	3.117381981694227761e+03	3.236871053161179361e+02	3.374870947883867184e-02	1.282696836847544619e+05	6.718987088477921255e-01	9.320684337355205490e-03
8.400000000000000000e+01	1.367797466812074417e+05	3.104578725800833183e+01	2.116279145629491154e+00	1.869104637142525505e+01	3.348362120428276939e-02	8.042523389471398088e-06	7.179277837539050910e-01	4.640321951752684455e-06	1.606510496195726446e+05	5.221277060591890404e+03	3.117373095934485264e+03	3.236785251495408033e+02	3.374769316457101181e-02	1.282754716919721832e+05	6.718672223554963407e-01	9.320038434889018134e-03
8.450000000000000000e+01	1.357852307067032962e+05	3.104943652715662239e+01	2.100678323439447936e+00	1.882920899928104674e+01	3.348274695459131645e-02	8.091480882917093849e-06	7.178938040716921209e-01	4.640112557935383958e-06	1.606527495438478363e+05	5.221108653301472259e+03	3.117364209834017856e+03	3.236699464525900112e+02	3.374667909253872139e-02	1.282812603641968599e+05	6.718357368648911754e-01	9.319717885575421953e-03
8.500000000000000000e+01	1.347827622370782774e+05	3.105301226310765017e+01	2.084962895816675488e+00	1.896967602686971333e+01	3.348187230691859056e-02	8.141036794899213482e-06	7.178597735463462248e-01	4.639903158959358044e-06	1.606544498270445911e+05	5.220940229593680669e+03	3.117355323391144339e+03	3.236613692255471051e+02	3.374566726918809545e-02	1.282870497015263827e+05	6.718042523759663043e-01	9.319001477427370575e-03
8.550000000000000000e+01	1.337733260695635690e+05	3.105662770240837389e+01	2.069140400237705180e+00	1.911411157595359356e+01	3.348099726116967462e-02	8.191202165934256739e-06	7.178256920418120135e-01	4.639693754825025995e-06	1.606561504692307208e+05	5.220771789463163259e+03	3.117346436604180781e+03	3.236527934686945969e+02	3.374465770100630591e-02	1.282928397040585260e+05	6.717727688887114024e-01	9.318697484694422536e-03
8.600000000000000000e+01	1.327554603635914391e+05	3.106015535079522039e+01	2.053196828264750362e+00	1.926088125471898849e+01	3.348012181724922126e-02	8.241988309808901086e-06	7.177915594211813355e-01	4.639484345532812175e-06	1.606578514704739209e+05	5.220603332904535819e+03	3.117337549471441889e+03	3.236442191823160215e+02	3.374365039452188048e-02	1.282986303718909330e+05	6.717412864031151454e-01	9.317896337408867330e-03
8.650000000000000000e+01	1.317304380878618103e+05	3.106374040687375171e+01	2.037142153308672654e+00	1.941209850041209606e+01	3.347924597506148764e-02	8.293406822087521002e-06	7.177573755466812866e-01	4.639274931083135864e-06	1.606595528308424400e+05	5.220434859912385946e+03	3.117328661991239187e+03	3.236356463666957097e+02	3.374264535630520229e-02	1.283044217051213491e+05	6.717098049191650988e-01	9.317619210671404875e-03
8.700000000000000000e+01	1.306964432715995936e+05	3.106721895392768218e+01	2.020959179352384893e+00	1.956564397009706013e+01	3.347836973451035619e-02	8.345469588939470691e-06	7.177231402796661053e-01	4.639065511476424816e-06	1.606612545504044392e+05	5.220266370481273043e+03	3.117319774161885107e+03	3.236270750221189587e+02	3.374164259296905805e-02	1.283102137038474757e+05	6.716783244368486061e-01	9.316715290098771113e-03
8.750000000000000000e+01	1.296551203324613452e+05	3.107077788610181557e+01	2.004661030994002058e+00	1.972421476423824060e+01	3.347749309549932079e-02	8.398188796300326466e-06	7.176888534806035169e-01	4.638856086713099157e-06	1.606629566292283125e+05	5.220097864605730138e+03	3.117310885981688898e+03	3.236185051488721456e+02	3.374064211116913070e-02	1.283160063681670435e+05	6.716468449561522336e-01	9.316478945770440695e-03
8.800000000000000000e+01	1.286042009683623764e+05	3.107420566347181889e+01	1.988226459756307074e+00	1.988505601282105317e+01	3.347661605793148670e-02	8.451576939381884798e-06	7.176545150090651859e-01	4.638646656793584945e-06	1.606646590673828323e+05	5.219929342280258425e+03	3.117301997448957081e+03	3.236099367472423296e+02	3.373964391760456150e-02	1.283217996981777833e+05	6.716153664770621035e-01	9.315449244859261291e-03
8.850000000000000000e+01	1.275458097776069771e+05	3.107774380802509029e+01	1.971672675574493772e+00	2.005162653208697421e+01	3.347573862170953596e-02	8.505646832546499711e-06	7.176201247237159464e-01	4.638437221718312474e-06	1.606663618649367709e+05	5.219760803499332724e+03	3.117293108561996178e+03	3.236013698175177069e+02	3.373864801901847732e-02	1.283275936939773092e+05	6.715838889995628946e-01	9.315272439727090986e-03
8.900000000000000000e+01	1.264770981425598875e+05	3.108111823722367362e+01	1.954973253370391406e+00	2.022033530540877777e+01	3.347486078673581056e-02	8.560411619562202163e-06	7.175856824823003688e-01	4.638227781487706106e-06	1.606680650219591334e+05	5.219592248257404208e+03	3.117284219319110434e+03	3.235928043599873263e+02	3.373765442219858052e-02	1.283333883556633082e+05	6.715524125236400632e-01	9.314087406343693476e-03
8.950000000000000000e+01	1.254008133737529715e+05	3.108464236826437244e+01	1.938150712986807855e+00	2.039564003049872198e+01	3.347398255291219454e-02	8.615884784255767347e-06	7.175511881416313242e-01	4.638018336102195288e-06	1.606697685385191289e+05	5.219423676548884032e+03	3.117275329718601824e+03	3.235842403749412028e+02	3.373666313397768318e-02	1.283391836833334964e+05	6.715209370492767338e-01	9.313995413602008805e-03
9.000000000000000000e+01	1.243133589784476644e+05	3.108795960273932479e+01	1.921171984857559911e+00	2.057284495376428168e+01	3.347310392014022501e-02	8.672080161581920824e-06	7.175166415575799927e-01	4.637808885562211158e-06	1.606714724146861990e+05	5.219255088368166071e+03	3.117266439758770957e+03	3.235756778626702612e+02	3.373567416123429696e-02	1.283449796770855028e+05	6.714894625764563640e-01	9.312616829430457599e-03
9.050000000000000000e+01	1.232182926057640871e+05	3.109147842859815469e+01	1.904066510380495458e+00	2.075772422699937181e+01	3.347222488832106435e-02	8.729011949127748476e-06	7.174820425850613193e-01	4.637599429868183164e-06	1.606731766505298729e+05	5.219086483709614185e+03	3.117257549437917078e+03	3.235671168234663924e+02	3.373468751089325063e-02	1.283507763370169705e+05	6.714579891051619676e-01	9.312643727358739867e-03
9.100000000000000000e+01	1.221110494756075495e+05	3.109473284993260833e+01	1.886792649562065272e+00	2.094411592583625747e+01	3.347134545735542394e-02	8.786694719072410398e-06	7.174473910780220232e-01	4.637389969020543292e-06	1.606748812461200287e+05	5.218917862567558586e+03	3.117248658754337157e+03	3.235585572576223399e+02	3.373370318992623823e-02	1.283565736632255139e+05	6.714265166353747816e-01	9.311021828652831303e-03
9.150000000000000000e+01	1.209962456670547690e+05	3.109825770124020039e+01	1.869388895395781569e+00	2.113953825234895945e+01	3.347046562714364737e-02	8.845143430623293872e-06	7.174126868894286080e-01	4.637180503019726915e-06	1.606765862015265157e+05	5.218749224936304017e+03	3.117239767706327257e+03	3.235499991654319274e+02	3.373272120535249913e-02	1.283623716558087908e+05	6.713950451670763764e-01	9.311213642273892532e-03
9.200000000000000000e+01	1.198680567416011036e+05	3.110144120611150953e+01	1.851802497948122017e+00	2.133587409975196536e+01	3.346958539758571050e-02	8.904373442950989134e-06	7.173779298712530395e-01	4.636971031866165176e-06	1.606782915168196196e+05	5.218580570810127938e+03	3.117230876292179346e+03	3.235414425471899449e+02	3.373174156423939390e-02	1.283681703148644156e+05	6.713635747002476561e-01	9.309283186467197380e-03
9.250000000000000000e+01	1.187324868017948465e+05	3.110498699715750348e+01	1.834083829650571928e+00	2.154296481282074183e+01	3.346870476858115201e-02	8.964400528646432144e-06	7.173431198744616433e-01	4.636761555560295141e-06	1.606799971920696262e+05	5.218411900183280522e+03	3.117221984510187667e+03	3.235328874031918076e+02	3.373076427370306357e-02	1.283739696404899878e+05	6.713321052348678597e-01	9.309702224370742032e-03
9.300000000000000000e+01	1.175820645810685091e+05	3.110808798199368397e+01	1.816165664695786885e+00	2.175007267090921914e+01	3.346782374002913590e-02	9.025240887725127315e-06	7.173082567489986738e-01	4.636552074102554729e-06	1.606817032273471705e+05	5.218243213049975566e+03	3.117213092358640552e+03	3.235243337337343519e+02	3.372978934090907488e-02	1.283797696327830636e+05	6.713006367709168920e-01	9.307377080663948102e-03
9.350000000000000000e+01	1.164246222707245761e+05	3.111167456504433204e+01	1.798114027166121565e+00	2.197015124271388586e+01	3.346694231182845147e-02	9.086911162204489660e-06	7.172733403437751010e-01	4.636342587493379312e-06	1.606834096227228583e+05	5.218074509404411401e+03	3.117204199835827694e+03	3.235157815391148688e+02	3.372881677307310033e-02	1.283855702918412717e+05	6.712691693083727706e-01	9.308107957808243668e-03
9.400000000000000000e+01	1.152505245132200944e+05	3.111467647053485663e+01	1.779842729904662857e+00	2.218893115849717645e+01	3.346606048387745780e-02	9.149428451281867145e-06	7.172383705066524007e-01	4.636133095733205114e-06	1.606851163782677322e+05	5.217905789240747254e+03	3.117195306940036062e+03	3.235072308196320137e+02	3.372784657746158432e-02	1.283913716177622555e+05	6.712377028472138463e-01	9.305273615662211506e-03
9.450000000000000000e+01	1.140700222772814159e+05	3.111833056029261613e+01	1.761438506226177703e+00	2.242356040801239914e+01	3.346517825607415314e-02	9.212810327142342189e-06	7.172033470844307868e-01	4.635923598822477673e-06	1.606868234940529219e+05	5.217737052553119611e+03	3.117186413669549893e+03	3.234986815755851239e+02	3.372687876139242313e-02	1.283971736106434400e+05	6.712062373874171373e-01	9.306431671719116519e-03
9.500000000000000000e+01	1.128706210910970840e+05	3.112120976970039976e+01	1.742790196285708637e+00	2.265498256956166045e+01	3.346429562831611249e-02	9.277074851426996948e-06	7.171682699228306701e-01	4.635714096761633212e-06	1.606885309701496735e+05	5.217568299335632219e+03	3.117177520022652971e+03	3.234901338072745602e+02	3.372591333223570742e-02	1.284029762705824542e+05	6.711747729289594400e-01	9.302934789258738776e-03
9.550000000000000000e+01	1.116657880449286604e+05	3.112496770284214875e+01	1.724012060311300276e+00	2.290603446289612322e+01	3.346341260050050143e-02	9.342240592394060022e-06	7.171331388664815565e-01	4.635504589551116423e-06	1.606902388066295534e+05	5.217399529582363357e+03	3.117168625997626805e+03	3.234815875150017064e+02	3.372495029741441608e-02	1.284087795976767957e+05	6.711433094718159964e-01	9.304677936975312355e-03
9.600000000000000000e+01	1.104392300422874396e+05	3.112769048328592092e+01	1.704959861396647236e+00	2.315113067874415975e+01	3.346252917252415249e-02	9.408326642807212303e-06	7.170979537589047270e-01	4.635295077191368610e-06	1.606919470035642153e+05	5.217230743287364930e+03	3.117159731592750632e+03	3.234730426990687988e+02	3.372398966440515178e-02	1.284145835920240497e+05	6.711118470159632698e-01	9.300311645932472782e-03
9.650000000000000000e+01	1.092087130587296269e+05	3.113160221220542567e+01	1.685784630143021934e+00	2.342087559377504391e+01	3.346164534428345411e-02	9.475352638587191491e-06	7.170627144424979171e-01	4.635085559682835312e-06	1.606936555610255455e+05	5.217061940444657012e+03	3.117150836806303687e+03	3.234644993597790403e+02	3.372303144073891118e-02	1.284203882537216559e+05	6.710803855613749480e-01	9.302857171787798710e-03
9.700000000000000000e+01	1.079528672600116988e+05	3.113412023203112966e+01	1.666298057074793837e+00	2.368071987881099005e+01	3.346076111567439226e-02	9.543338778265035363e-06	7.170274207585181081e-01	4.634876037025961222e-06	1.606953644790856924e+05	5.216893121048228750e+03	3.117141941636562024e+03	3.234559574974366001e+02	3.372207563400184127e-02	1.284261935828672285e+05	6.710489251080252737e-01	9.297340242225074491e-03
9.750000000000000000e+01	1.066952372691908822e+05	3.113825512307074206e+01	1.646700555878687133e+00	2.397194954596211502e+01	3.345987648659259212e-02	9.612305843277443504e-06	7.169920725470683154e-01	4.634666509221191879e-06	1.606970737578169210e+05	5.216724285092048376e+03	3.117133046081799876e+03	3.234474171123466135e+02	3.372112225183603040e-02	1.284319995795581926e+05	6.710174656558871575e-01	9.300988837346193736e-03
9.800000000000000000e+01	1.054076259845886962e+05	3.114049904165442584e+01	1.626744709768187747e+00	2.424762060701215560e+01	3.345899145693324167e-02	9.682275219146995398e-06	7.169566696470773826e-01	4.634456976268974516e-06	1.606987833972916414e+05	5.216555432570046833e+03	3.117124150140289657e+03	3.234388782048151825e+02	3.372017130194029932e-02	1.284378062438920897e+05	6.709860072049339541e-01	9.293935782161335396e-03
9.850000000000000000e+01	1.041213927867806779e+05	3.114495319175767918e+01	1.606697731990732958e+00	2.456382050932424477e+01	3.345810602659116811e-02	9.753268917592761359e-06	7.169212118962865476e-01	4.634247438169759756e-06	1.607004933975825552e+05	5.216386563476136871e+03	3.117115253810303784e+03	3.234303407751492045e+02	3.371922279207102691e-02	1.284436135759663302e+05	6.709545497551364646e-01	9.299106722977542108e-03
9.900000000000000000e+01	1.027990986263506784e+05	3.114683049930120617e+01	1.586231864696085792e+00	2.485633223916016377e+01	3.345722019546080311e-02	9.825309599619094225e-06	7.168856991312271276e-01	4.634037894923993983e-06	1.607022037587625673e+05	5.216217677804192135e+03	3.117106357090110578e+03	3.234218048236568279e+02	3.371827673004300363e-02	1.284494215758784558e+05	6.709230933064671554e-01	9.289981543597810101e-03
9.950000000000000000e+01	1.014827405576518941e+05	3.115178320101257725e+01	1.565703941440164781e+00	2.520194070957369092e+01	3.345633396343612731e-02	9.898420599633684657e-06	7.168501311872086390e-01	4.633828346532132903e-06	1.607039144809046120e+05	5.216048775548063531e+03	3.117097459977978360e+03	3.234132703506469966e+02	3.371733312373024344e-02	1.284552302437258477e+05	6.708916378588959395e-01	9.297255507987323142e-03
1.000000000000000000e+02	1.001225173807206447e+05	3.116426320670436567e+01	1.544131908636032557e+00	2.551217882766500011e+01	3.345544733041079521e-02	9.972625950648690373e-06	7.168145078982962604e-01	4.633618792994624595e-06	1.607056255640820018e+05	5.215879856701576500e+03	3.117088562472174090e+03	3.234047373564294503e+02	3.371639198106689966e-02	1.284610395796059893e+05	6.708601834123928409e-01	9.282032485447245726e-03
