xcoord (m)	pressure (Pa)	temperature (K)	total_density (kg/m^3)	velocity (m/s)	total_dynamic_viscosity (J/kg)	total_gruneisen (~)	total_enthalpy (m/s)	total_isobaric_specific_heat (J/kg/K)	total_isochoric_specific_heat (J/kg/K)	total_speed_of_sound (W/m/K)	total_thermal_conductivity (Pa*s)	Reynolds (~)	Prandtl (~)	mass_flow_rate (kg/s)
0.000000000000000000e+00	6.000000001699472778e+05	4.500000000000000000e+00	1.396074484616740961e+02	2.402340412923507085e-01	4.026507168672055494e-06	1.432076813157669326e+00	2.846132373228988399e+03	3.614772754663900287e+03	2.330216258124484739e+03	2.460577775192014087e+02	2.208956746993476911e-02	2.425138517560442324e+03	6.589041831436823760e-01	2.180000000000000134e-05
4.169914668177176348e-02	5.999994806839739904e+05	4.500000888554374967e+00	1.396074243708464167e+02	2.402340692227826202e-01	4.026506314654599917e-06	1.432076706841373781e+00	2.846130130867976732e+03	3.614773689981782809e+03	2.330216372987719296e+03	2.460577200027295248e+02	2.208956486106629369e-02	2.425139031929591511e+03	6.589042917007633671e-01	2.179999877270820071e-05
8.339829336354352696e-02	5.999989609279235592e+05	4.500001793454003973e+00	1.396074000768207668e+02	2.402341235813821030e-01	4.026505460637144341e-06	1.432076600525078236e+00	2.846127888506965064e+03	3.614774625299665331e+03	2.330216487850953399e+03	2.460576624862575841e+02	2.208956225219781133e-02	2.425139546298958521e+03	6.589044002577978398e-01	2.179999991190476996e-05
1.250974400453152835e-01	5.999984414400692331e+05	4.500002776131493576e+00	1.396073748561788648e+02	2.402341522070034485e-01	4.026504606619688764e-06	1.432076494208782469e+00	2.846125646145952942e+03	3.614775560617547399e+03	2.330216602714187502e+03	2.460576049697856433e+02	2.208955964332933244e-02	2.425140060668543811e+03	6.589045088147855722e-01	2.179999857127264939e-05
1.667965867270870539e-01	5.999979216856742278e+05	4.500003841437097307e+00	1.396073486368811132e+02	2.402342097364670859e-01	4.026503752602234035e-06	1.432076387892487146e+00	2.846123403784941729e+03	3.614776495935429921e+03	2.330216717577421150e+03	2.460575474533137594e+02	2.208955703446085356e-02	2.425140575038346924e+03	6.589046173717266752e-01	2.179999969756997750e-05
2.084957334088588243e-01	5.999974021957663354e+05	4.500004983442130069e+00	1.396073215038045419e+02	2.402342417792297513e-01	4.026502898584778458e-06	1.432076281576191601e+00	2.846121161423930062e+03	3.614777431253312443e+03	2.330216832440655708e+03	2.460574899368418187e+02	2.208955442559237467e-02	2.425141089408368316e+03	6.589047259286210378e-01	2.179999836839216829e-05
2.501948800906305670e-01	5.999968824429997476e+05	4.500006193536251864e+00	1.396072935466587523e+02	2.402343024356234369e-01	4.026502044567322882e-06	1.432076175259896056e+00	2.846118919062917939e+03	3.614778366571194965e+03	2.330216947303889356e+03	2.460574324203698779e+02	2.208955181672389231e-02	2.425141603778608896e+03	6.589048344854688821e-01	2.179999950706947246e-05
2.918940267724023374e-01	5.999963629510506289e+05	4.500007464378072086e+00	1.396072648670877641e+02	2.402343372981061431e-01	4.026501190549867305e-06	1.432076068943600511e+00	2.846116676701906727e+03	3.614779301889077033e+03	2.330217062167123458e+03	2.460573749038979940e+02	2.208954920785541343e-02	2.425142118149066391e+03	6.589049430422697640e-01	2.179999819227490272e-05
3.335931734541741078e-01	5.999958431999266613e+05	4.500008788515627245e+00	1.396072355410891532e+02	2.402344004266362409e-01	4.026500336532411729e-06	1.432075962627304966e+00	2.846114434340894604e+03	3.614780237206959555e+03	2.330217177030357561e+03	2.460573173874260533e+02	2.208954659898693454e-02	2.425142632519742619e+03	6.589050515990241275e-01	2.179999934153192961e-05
3.752923201359458782e-01	5.999953237059500534e+05	4.500010160162275952e+00	1.396072056514576616e+02	2.402344375009659028e-01	4.026499482514956999e-06	1.432075856311009421e+00	2.846112191979882937e+03	3.614781172524842077e+03	2.330217291893591664e+03	2.460572598709541410e+02	2.208954399011845565e-02	2.425143146890637126e+03	6.589051601557318616e-01	2.179999803849374011e-05
4.169914668177176487e-01	5.999948039564783685e+05	4.500011573378190022e+00	1.396071752562328072e+02	2.402345025582653115e-01	4.026498628497500576e-06	1.432075749994713876e+00	2.846109949618871724e+03	3.614782107842724145e+03	2.330217406756825767e+03	2.460572023544822287e+02	2.208954138124997676e-02	2.425143661261749912e+03	6.589052687123926333e-01	2.179999919580967563e-05
4.586906134994894191e-01	5.999942844604888232e+05	4.500013023727073680e+00	1.396071444218129898e+02	2.402345413625230353e-01	4.026497774480044999e-06	1.432075643678418109e+00	2.846107707257860056e+03	3.614783043160606667e+03	2.330217521620059870e+03	2.460571448380102879e+02	2.208953877238149788e-02	2.425144175633080522e+03	6.589053772690069977e-01	2.179999790221874274e-05
5.003897601812611340e-01	5.999937647126776865e+05	4.500014506482473031e+00	1.396071131918647836e+02	2.402346079227761499e-01	4.026496920462589423e-06	1.432075537362122564e+00	2.846105464896847934e+03	3.614783978478489189e+03	2.330217636483293518e+03	2.460570873215383472e+02	2.208953616351301899e-02	2.425144690004629865e+03	6.589054858255745106e-01	2.179999906557087222e-05
5.420889068630329044e-01	5.999932452146854484e+05	4.500016018267972484e+00	1.396070816198767659e+02	2.402346480803344009e-01	4.026496066445133846e-06	1.432075431045827019e+00	2.846103222535836267e+03	3.614784913796371711e+03	2.330217751346528075e+03	2.460570298050664633e+02	2.208953355464454010e-02	2.425145204376397487e+03	6.589055943820953942e-01	2.179999777960785049e-05
5.837880535448046748e-01	5.999927254685403313e+05	4.500017555307522343e+00	1.396070497382984854e+02	2.402347158110904324e-01	4.026495212427678270e-06	1.432075324729531696e+00	2.846100980174825054e+03	3.614785849114254233e+03	2.330217866209762178e+03	2.460569722885945225e+02	2.208953094577606122e-02	2.425145718748382478e+03	6.589057029385697595e-01	2.179999894741818881e-05
6.254872002265764452e-01	5.999922059685558779e+05	4.500019115050776897e+00	1.396070175905148290e+02	2.402347570278773048e-01	4.026494358410222693e-06	1.432075218413236151e+00	2.846098737813812932e+03	3.614786784432136301e+03	2.330217981072996281e+03	2.460569147721225818e+02	2.208952833690758233e-02	2.425146233120586203e+03	6.589058114949971623e-01	2.179999766765855178e-05
6.671863469083482157e-01	5.999916862240815535e+05	4.500020694465080240e+00	1.396069852002424625e+02	2.402348256696385798e-01	4.026493504392767964e-06	1.432075112096940384e+00	2.846096495452801719e+03	3.614787719750018823e+03	2.330218095936229929e+03	2.460568572556506695e+02	2.208952572803909997e-02	2.425146747493007297e+03	6.589059200513783798e-01	2.179999883869864028e-05
7.088854935901199861e-01	5.999911667221111711e+05	4.500022291643645644e+00	1.396069526029533279e+02	2.402348677160424106e-01	4.026492650375312387e-06	1.432075005780645061e+00	2.846094253091790051e+03	3.614788655067901345e+03	2.330218210799464032e+03	2.460567997391787571e+02	2.208952311917062108e-02	2.425147261865647579e+03	6.589060286077125239e-01	2.179999756402669310e-05
7.505846402718917565e-01	5.999906469793104334e+05	4.500023904135799668e+00	1.396069198155683182e+02	2.402349370662703876e-01	4.026491796357856811e-06	1.432074899464349294e+00	2.846092010730777929e+03	3.614789590385783868e+03	2.330218325662698135e+03	2.460567422227068164e+02	2.208952051030214220e-02	2.425147776238505685e+03	6.589061371640000386e-01	2.179999873734079062e-05
7.922837869536635269e-01	5.999901274753594771e+05	4.500025530535351592e+00	1.396068868673622774e+02	2.402349797630120576e-01	4.026490942340401234e-06	1.432074793148053748e+00	2.846089768369766261e+03	3.614790525703665935e+03	2.330218440525932238e+03	2.460566847062349041e+02	2.208951790143366331e-02	2.425148290611582070e+03	6.589062457202408130e-01	2.179999746688263246e-05
8.339829336354352973e-01	5.999896077342359349e+05	4.500027168846922443e+00	1.396068537699806598e+02	2.402350496636289634e-01	4.026490088322945658e-06	1.432074686831758203e+00	2.846087526008754594e+03	3.614791461021548002e+03	2.330218555389165886e+03	2.460566271897629633e+02	2.208951529256518095e-02	2.425148804984877188e+03	6.589063542764350689e-01	2.179999864172929040e-05
8.756820803172070677e-01	5.999890882283099927e+05	4.500028818052361324e+00	1.396068205478522088e+02	2.402350928706856736e-01	4.026489234305490929e-06	1.432074580515462658e+00	2.846085283647742926e+03	3.614792396339430979e+03	2.330218670252400443e+03	2.460565696732910510e+02	2.208951268369670554e-02	2.425149319358389221e+03	6.589064628325826956e-01	2.179999737480137583e-05
9.173812269989788382e-01	5.999885684888636461e+05	4.500030476509915722e+00	1.396067872085669421e+02	2.402351631982538316e-01	4.026488380288035352e-06	1.432074474199167113e+00	2.846083041286730804e+03	3.614793331657313502e+03	2.330218785115634546e+03	2.460565121568191387e+02	2.208951007482822665e-02	2.425149833732119987e+03	6.589065713886834708e-01	2.179999855061208602e-05
9.590803736807506086e-01	5.999880489809659775e+05	4.500032143492738612e+00	1.396067537728687569e+02	2.402352068060595591e-01	4.026487526270579776e-06	1.432074367882871790e+00	2.846080798925720046e+03	3.614794266975195569e+03	2.330218899978868194e+03	2.460564546403471979e+02	2.208950746595974776e-02	2.425150348106069941e+03	6.589066799447375056e-01	2.179999728669604781e-05
1.000779520362522268e+00	5.999875292431985727e+05	4.500033817606219344e+00	1.396067202455701590e+02	2.402352774636223043e-01	4.026486672253124199e-06	1.432074261566576023e+00	2.846078556564707924e+03	3.614795202293077637e+03	2.330219014842102297e+03	2.460563971238752856e+02	2.208950485709126541e-02	2.425150862480237265e+03	6.589067885007450220e-01	2.179999846308754816e-05
1.042478667044294038e+00	5.999870097333329031e+05	4.500035498261029332e+00	1.396066866455760191e+02	2.402353213847287783e-01	4.026485818235668623e-06	1.432074155250280700e+00	2.846076314203696256e+03	3.614796137610960614e+03	2.330219129705336400e+03	2.460563396074033733e+02	2.208950224822278652e-02	2.425151376854622868e+03	6.589068970567057981e-01	2.179999720194210051e-05
1.084177813726065809e+00	5.999864899972443236e+05	4.500037183996980161e+00	1.396066529786746173e+02	2.402353922911287243e-01	4.026484964218213046e-06	1.432074048933984933e+00	2.846074071842684589e+03	3.614797072928842681e+03	2.330219244568570502e+03	2.460562820909314325e+02	2.208949963935430763e-02	2.425151891229225839e+03	6.589070056126198338e-01	2.179999837910919167e-05
1.125876960407837579e+00	5.999859704854153097e+05	4.500038873583178223e+00	1.396066192712831366e+02	2.402354364410389798e-01	4.026484110200757470e-06	1.432073942617689388e+00	2.846071829481672921e+03	3.614798008246725203e+03	2.330219359431804605e+03	2.460562245744595202e+02	2.208949703048582527e-02	2.425152405604048454e+03	6.589071141684873512e-01	2.179999712195153448e-05
1.167576107089609350e+00	5.999854507510053227e+05	4.500040563043866904e+00	1.396065855595722098e+02	2.402355074860694495e-01	4.026483256183301893e-06	1.432073836301393843e+00	2.846069587120660799e+03	3.614798943564607725e+03	2.330219474295038708e+03	2.460561670579875795e+02	2.208949442161734639e-02	2.425152919979088892e+03	6.589072227243080171e-01	2.179999830469578532e-05
1.209275253771381120e+00	5.999849312372172717e+05	4.500042247833904163e+00	1.396065519095517118e+02	2.402355516506198829e-01	4.026482402165846317e-06	1.432073729985098298e+00	2.846067344759649586e+03	3.614799878882490248e+03	2.330219589158272811e+03	2.460561095415156672e+02	2.208949181274887097e-02	2.425153434354346246e+03	6.589073312800820537e-01	2.179999705782083706e-05
1.250974400453152890e+00	5.999844115044932114e+05	4.500043850076003160e+00	1.396065192446081937e+02	2.402356224846297350e-01	4.026481548148390740e-06	1.432073623668802753e+00	2.846065102398637919e+03	3.614800814200372315e+03	2.330219704021506914e+03	2.460560520250437548e+02	2.208948920388039208e-02	2.425153948729823696e+03	6.589074398358092388e-01	2.179999838486657964e-05
1.289312000377627498e+00	5.999839338776973309e+05	4.500045247568786877e+00	1.396064901254858057e+02	2.402356632782254864e-01	4.026480762976939636e-06	1.432073525923118984e+00	2.846063040803948297e+03	3.614801674118275514e+03	2.330219809625123617e+03	2.460559991452208806e+02	2.208948680532396916e-02	2.425154421639482734e+03	6.589075396403536455e-01	2.179999753960672984e-05
1.321260000314689709e+00	5.999835356579789659e+05	4.500046413882080820e+00	1.396064658335694730e+02	2.402357219908514419e-01	4.026480108667396485e-06	1.432073444468382473e+00	2.846061322808373916e+03	3.614802390716527952e+03	2.330219897628137915e+03	2.460559550787018281e+02	2.208948480652694890e-02	2.425154815731006238e+03	6.589076228107770827e-01	2.179999907417715387e-05
1.347883333595574884e+00	5.999832040038430132e+05	4.500047385871150496e+00	1.396064455945968632e+02	2.402357462888699002e-01	4.026479563409443858e-06	1.432073376589435343e+00	2.846059891145395341e+03	3.614802987881738773e+03	2.330219970963983087e+03	2.460559183566026604e+02	2.208948314086277287e-02	2.425155144140707307e+03	6.589076921194422232e-01	2.179999811870041813e-05
1.370069444662979086e+00	5.999829274313689675e+05	4.500048195616455082e+00	1.396064287266985104e+02	2.402357911517664368e-01	4.026479109027816388e-06	1.432073320023646179e+00	2.846058698092912891e+03	3.614803485519413698e+03	2.330220032077187170e+03	2.460558877548533019e+02	2.208948175280928475e-02	2.425155417815527017e+03	6.589077498766486851e-01	2.179999955577022468e-05
1.388557870552482587e+00	5.999826971466309624e+05	4.500048870685254165e+00	1.396064146717000654e+02	2.402358039300162007e-01	4.026478730376460444e-06	1.432073272885488580e+00	2.846057703882511305e+03	3.614803900217476894e+03	2.330220083004857315e+03	2.460558622533955315e+02	2.208948059609804754e-02	2.425155645877922780e+03	6.589077980076439855e-01	2.179999852058799693e-05
1.403964892127068875e+00	5.999825050519877113e+05	4.500049433435915347e+00	1.396064029519420444e+02	2.402358391807038751e-01	4.026478414833663543e-06	1.432073233603690543e+00	2.846056875373842558e+03	3.614804245799195996e+03	2.330220125444582209e+03	2.460558410021806992e+02	2.208947963217201826e-02	2.425155835929952445e+03	6.589078381167996490e-01	2.179999988930353890e-05
1.416804076772557375e+00	5.999823451621355489e+05	4.500049902990356898e+00	1.396063931832073024e+02	2.402358439788962741e-01	4.026478151881333073e-06	1.432073200868858809e+00	2.846056184949952694e+03	3.614804533783962142e+03	2.330220160811020378e+03	2.460558232928350435e+02	2.208947882890032605e-02	2.425155994306666344e+03	6.589078715410913167e-01	2.179999879929133704e-05
1.427503397310464495e+00	5.999822117332140915e+05	4.500050294643394011e+00	1.396063850334539893e+02	2.402358725625958480e-01	4.026477932754390733e-06	1.432073173589832438e+00	2.846055609596710383e+03	3.614804773771266809e+03	2.330220190283051579e+03	2.460558085350469355e+02	2.208947815950725035e-02	2.425156126287276948e+03	6.589078993946640983e-01	2.180000012048400403e-05
1.436419497758720354e+00	5.999821007281611674e+05	4.500050621649114291e+00	1.396063782392496648e+02	2.402358718283548467e-01	4.026477750148605450e-06	1.432073150857310351e+00	2.846055130135675881e+03	3.614804973760687517e+03	2.330220214843077883e+03	2.460557962368902167e+02	2.208947760167968496e-02	2.425156236271130638e+03	6.589079226059725292e-01	2.179999899291838638e-05
1.443849581465600274e+00	5.999820080398793798e+05	4.500050894460288831e+00	1.396063725689749333e+02	2.402358957799251293e-01	4.026477597977117996e-06	1.432073131913542019e+00	2.846054730584813115e+03	3.614805140418538031e+03	2.330220235309765940e+03	2.460557859884262939e+02	2.208947713682337874e-02	2.425156327924349625e+03	6.589079419487280376e-01	2.180000028095087900e-05
1.450041317888000281e+00	5.999819309820596827e+05	4.500051122324771669e+00	1.396063678421957377e+02	2.402358912049419870e-01	4.026477471167545259e-06	1.432073116127068335e+00	2.846054397625761339e+03	3.614805279300080201e+03	2.330220252365339547e+03	2.460557774480396631e+02	2.208947674944312933e-02	2.425156404302037117e+03	6.589079580676896475e-01	2.179999912769565331e-05
1.455201098240000324e+00	5.999818665864402428e+05	4.500051312393931191e+00	1.396063638963539120e+02	2.402359119324434522e-01	4.026477365492901453e-06	1.432073102971673784e+00	2.846054120159884860e+03	3.614805395034699359e+03	2.330220266578317933e+03	2.460557703310508373e+02	2.208947642662625194e-02	2.425156467950113438e+03	6.589079715001571191e-01	2.180000039243853459e-05
1.459500915200000248e+00	5.999818131025431212e+05	4.500051471176347739e+00	1.396063606080828094e+02	2.402359046887863614e-01	4.026477277430697575e-06	1.432073092008844695e+00	2.846053888938320597e+03	3.614805491480214187e+03	2.330220278422465981e+03	2.460557644002267921e+02	2.208947615761218397e-02	2.425156520990180525e+03	6.589079826938792905e-01	2.179999922164461759e-05
1.463084096000000223e+00	5.999817683551541995e+05	4.500051603560983438e+00	1.396063578624774664e+02	2.402359231692735020e-01	4.026477204045527395e-06	1.432073082873154046e+00	2.846053696253683938e+03	3.614805571851476998e+03	2.330220288292589885e+03	2.460557594578734211e+02	2.208947593343379631e-02	2.425156565190237416e+03	6.589079920219805819e-01	2.180000046990495600e-05
1.466070080000000164e+00	5.999817312414924381e+05	4.500051714168520789e+00	1.396063555755724224e+02	2.402359140711650964e-01	4.026477142891219899e-06	1.432073075260078321e+00	2.846053535683153768e+03	3.614805638827529492e+03	2.330220296517692987e+03	2.460557553392456498e+02	2.208947574661847615e-02	2.425156602023619598e+03	6.589079997953982692e-01	2.179999928719713096e-05
1.468558400000000264e+00	5.999817001392545644e+05	4.500051806325193304e+00	1.396063536655110511e+02	2.402359309842103940e-01	4.026477091929296281e-06	1.432073068915848735e+00	2.846053401874378324e+03	3.614805694640906495e+03	2.330220303371945192e+03	2.460557519070557930e+02	2.208947559093904153e-02	2.425156632718106266e+03	6.589080062732460830e-01	2.180000052369423833e-05
1.470632000000000161e+00	5.999816743932652753e+05	4.500051883339731162e+00	1.396063520756444234e+02	2.402359205982999846e-01	4.026477049461027728e-06	1.432073063628990894e+00	2.846053290367065983e+03	3.614805741152053997e+03	2.330220309083822940e+03	2.460557490468976027e+02	2.208947546120618166e-02	2.425156658296843943e+03	6.589080116714525204e-01	2.179999933297083886e-05
1.472360000000000113e+00	5.999816527673738310e+05	4.500051947452035961e+00	1.396063507471360765e+02	2.402359364172046985e-01	4.026477014070802804e-06	1.432073059223275324e+00	2.846053197444304715e+03	3.614805779911343507e+03	2.330220313843720305e+03	2.460557466634324442e+02	2.208947535309545990e-02	2.425156679612460721e+03	6.589080161699577554e-01	2.180000056099252439e-05
1.473799999999999999e+00	5.999816349150545429e+05	4.500052001053972184e+00	1.396063496423197705e+02	2.402359251381345207e-01	4.026476984578949407e-06	1.432073055551846386e+00	2.846053120008671158e+03	3.614805812210751355e+03	2.330220317810301822e+03	2.460557446772114645e+02	2.208947526300319639e-02	2.425156697375474323e+03	6.589080199187119513e-01	2.179999936496236865e-05
1.475000000000000089e+00	5.999816198705076240e+05	4.500052045620712704e+00	1.396063487185259362e+02	2.402359401926663085e-01	4.026476960002404486e-06	1.432073052492321974e+00	2.846053055478976148e+03	3.614805839126924639e+03	2.330220321115785737e+03	2.460557430220273432e+02	2.208947518792630724e-02	2.425156712177985810e+03	6.589080230426739293e-01	2.180000058681920270e-05
1.475999999999999979e+00	5.999816074993577786e+05	4.500052087120713473e+00	1.396063479006421630e+02	2.402359282949553532e-01	4.026476939521949962e-06	1.432073049942718557e+00	2.846053001704230155e+03	3.614805861557069420e+03	2.330220323870356424e+03	2.460557416427072042e+02	2.208947512536223179e-02	2.425156724513412883e+03	6.589080256459755036e-01	2.179999937945652200e-05
1.477000000000000091e+00	5.999815949488641927e+05	4.500052128466312418e+00	1.396063470799760751e+02	2.402359429878424546e-01	4.026476919041496284e-06	1.432073047393114917e+00	2.846052947929484617e+03	3.614805883987213747e+03	2.330220326624927111e+03	2.460557402633871220e+02	2.208947506279815981e-02	2.425156736848839046e+03	6.589080282492769669e-01	2.180000058459995266e-05
1.477999999999999980e+00	5.999815825759295840e+05	4.500052169930271795e+00	1.396063462624786666e+02	2.402359310996020625e-01	4.026476898561042607e-06	1.432073044843511056e+00	2.846052894154738624e+03	3.614805906417358074e+03	2.330220329379497343e+03	2.460557388840669546e+02	2.208947500023408436e-02	2.425156749184265664e+03	6.589080308525785412e-01	2.179999937815701083e-05
1.479000000000000092e+00	5.999815700272194808e+05	4.500052211244930156e+00	1.396063454422299799e+02	2.402359457816975463e-01	4.026476878080588929e-06	1.432073042293907639e+00	2.846052840379992631e+03	3.614805928847502400e+03	2.330220332134067576e+03	2.460557375047468724e+02	2.208947493767001238e-02	2.425156761519692282e+03	6.589080334558800045e-01	2.180000058238632692e-05
1.479999999999999982e+00	5.999815576525017386e+05	4.500052252677382292e+00	1.396063446250645939e+02	2.402359339028102836e-01	4.026476857600134405e-06	1.432073039744303999e+00	2.846052786605247093e+03	3.614805951277647182e+03	2.330220334888638263e+03	2.460557361254267335e+02	2.208947487510593694e-02	2.425156773855119354e+03	6.589080360591814678e-01	2.179999937684398440e-05
1.481000000000000094e+00	5.999815451055746526e+05	4.500052293965340233e+00	1.396063438051824050e+02	2.402359485744136047e-01	4.026476837119679881e-06	1.432073037194700360e+00	2.846052732830501554e+03	3.614805973707791054e+03	2.330220337643208040e+03	2.460557347461066229e+02	2.208947481254186496e-02	2.425156786190546882e+03	6.589080386624825980e-01	2.180000058017841018e-05
1.481999999999999984e+00	5.999815327290755231e+05	4.500052335370467560e+00	1.396063429882988771e+02	2.402359367047710026e-01	4.026476816639226203e-06	1.432073034645096721e+00	2.846052679055755561e+03	3.614805996137935836e+03	2.330220340397778727e+03	2.460557333667865123e+02	2.208947474997779298e-02	2.425156798525974864e+03	6.589080412657840613e-01	2.179999937551899109e-05
1.483000000000000096e+00	5.999815201839278452e+05	4.500052376635808038e+00	1.396063421687340167e+02	2.402359513661589674e-01	4.026476796158772526e-06	1.432073032095493081e+00	2.846052625281010023e+03	3.614806018568080162e+03	2.330220343152348960e+03	2.460557319874664017e+02	2.208947468741371753e-02	2.425156810861401937e+03	6.589080438690855246e-01	2.180000057797596867e-05
1.483999999999999986e+00	5.999815078056493076e+05	4.500052418017594924e+00	1.396063413520845700e+02	2.402359395056394287e-01	4.026476775678318001e-06	1.432073029545889442e+00	2.846052571506264030e+03	3.614806040998224034e+03	2.330220345906919192e+03	2.460557306081462627e+02	2.208947462484964208e-02	2.425156823196829009e+03	6.589080464723866548e-01	2.179999937418097380e-05
1.485000000000000098e+00	5.999814952622806886e+05	4.500052459264199278e+00	1.396063405327905400e+02	2.402359541571023049e-01	4.026476755197864324e-06	1.432073026996285803e+00	2.846052517731518037e+03	3.614806063428369271e+03	2.330220348661489879e+03	2.460557292288261522e+02	2.208947456228557010e-02	2.425156835532256991e+03	6.589080490756881181e-01	2.180000057577958513e-05
1.485999999999999988e+00	5.999814828822227428e+05	4.500052500626474661e+00	1.396063397163292450e+02	2.402359423055864251e-01	4.026476734717410647e-06	1.432073024446682163e+00	2.846052463956772499e+03	3.614806085858513597e+03	2.330220351416060566e+03	2.460557278495060416e+02	2.208947449972149812e-02	2.425156847867684519e+03	6.589080516789894704e-01	2.179999937283101335e-05
1.487000000000000099e+00	5.999814703406329500e+05	4.500052541858049260e+00	1.396063388972614518e+02	2.402359569474041279e-01	4.026476714236956122e-06	1.432073021897078524e+00	2.846052410182026506e+03	3.614806108288657470e+03	2.330220354170630799e+03	2.460557264701859026e+02	2.208947443715742268e-02	2.425156860203112956e+03	6.589080542822906006e-01	2.180000057358968987e-05
1.487999999999999989e+00	5.999814579587972257e+05	4.500052583204455559e+00	1.396063380809445675e+02	2.402359451047638150e-01	4.026476693756502445e-06	1.432073019347474885e+00	2.846052356407280968e+03	3.614806130718802706e+03	2.330220356925201031e+03	2.460557250908657920e+02	2.208947437459334723e-02	2.425156872538540938e+03	6.589080568855919529e-01	2.179999937146908263e-05
1.489000000000000101e+00	5.999814454189841636e+05	4.500052624424670356e+00	1.396063372620589860e+02	2.402359597372084599e-01	4.026476673276047920e-06	1.432073016797871245e+00	2.846052302632535429e+03	3.614806153148946578e+03	2.330220359679771263e+03	2.460557237115456815e+02	2.208947431202927872e-02	2.425156884873968920e+03	6.589080594888928610e-01	2.180000057140564590e-05
1.489999999999999991e+00	5.999814330353719415e+05	4.500052665758722092e+00	1.396063364458443914e+02	2.402359479033168710e-01	4.026476652795594243e-06	1.432073014248267828e+00	2.846052248857789436e+03	3.614806175579091359e+03	2.330220362434341951e+03	2.460557223322255709e+02	2.208947424946520674e-02	2.425156897209397357e+03	6.589080620921941023e-01	2.179999937009492413e-05
1.491000000000000103e+00	5.999814204973346787e+05	4.500052706971004568e+00	1.396063356270998383e+02	2.402359625266684284e-01	4.026476632315140566e-06	1.432073011698663967e+00	2.846052195083043898e+03	3.614806198009235686e+03	2.330220365188912183e+03	2.460557209529054603e+02	2.208947418690112782e-02	2.425156909544824885e+03	6.589080646954954545e-01	2.180000056922834433e-05
1.491999999999999993e+00	5.999814081119470065e+05	4.500052748296135441e+00	1.396063348109463504e+02	2.402359507013877571e-01	4.026476611834686041e-06	1.432073009149060550e+00	2.846052141308297905e+03	3.614806220439380013e+03	2.330220367943482415e+03	2.460557195735853213e+02	2.208947412433705584e-02	2.425156921880254231e+03	6.589080672987963627e-01	2.179999936870856498e-05
1.493000000000000105e+00	5.999813955756836804e+05	4.500052789503842021e+00	1.396063339923024955e+02	2.402359653159141240e-01	4.026476591354232364e-06	1.432073006599456910e+00	2.846052087533551912e+03	3.614806242869524340e+03	2.330220370698053102e+03	2.460557181942652107e+02	2.208947406177298386e-02	2.425156934215682668e+03	6.589080699020973819e-01	2.180000056705686017e-05
1.493999999999999995e+00	5.999813831885225372e+05	4.500052830823244143e+00	1.396063331761718302e+02	2.402359534991158063e-01	4.026476570873778687e-06	1.432073004049853049e+00	2.846052033758806374e+03	3.614806265299668667e+03	2.330220373452622880e+03	2.460557168149450717e+02	2.208947399920890842e-02	2.425156946551112014e+03	6.589080725053986232e-01	2.179999936731037447e-05
1.495000000000000107e+00	5.999813706540331477e+05	4.500052872029630890e+00	1.396063323575895936e+02	2.402359681050880713e-01	4.026476550393325009e-06	1.432073001500249632e+00	2.846051979984060381e+03	3.614806287729813448e+03	2.330220376207193567e+03	2.460557154356249612e+02	2.208947393664483297e-02	2.425156958886539996e+03	6.589080751086997534e-01	2.180000056489204386e-05
1.495999999999999996e+00	5.999813582650986500e+05	4.500052913346647365e+00	1.396063315414416195e+02	2.402359562966283890e-01	4.026476529912870485e-06	1.432072998950645992e+00	2.846051926209314843e+03	3.614806310159957775e+03	2.330220378961763799e+03	2.460557140563048506e+02	2.208947387408076099e-02	2.425156971221969343e+03	6.589080777120006616e-01	2.179999936589954962e-05
1.497000000000000108e+00	5.999813457323822659e+05	4.500052954554853990e+00	1.396063307228833139e+02	2.402359708943128391e-01	4.026476509432416807e-06	1.432072996401042353e+00	2.846051872434569304e+03	3.614806332590102102e+03	2.330220381716334487e+03	2.460557126769847400e+02	2.208947381151668901e-02	2.425156983557398689e+03	6.589080803153015697e-01	2.180000056273286539e-05
1.497999999999999998e+00	5.999813333416752284e+05	4.500052995872516171e+00	1.396063299066817081e+02	2.402359590940601752e-01	4.026476488951962283e-06	1.432072993851438714e+00	2.846051818659823311e+03	3.614806355020246428e+03	2.330220384470904719e+03	2.460557112976646010e+02	2.208947374895261356e-02	2.425156995892828036e+03	6.589080829186024779e-01	2.179999936447674772e-05
1.499000000000000110e+00	5.999813208107301034e+05	4.500053037085669949e+00	1.396063290881096464e+02	2.402359736837288984e-01	4.026476468471508606e-06	1.432072991301835074e+00	2.846051764885077773e+03	3.614806377450390755e+03	2.330220387225474951e+03	2.460557099183444905e+02	2.208947368638854158e-02	2.425157008228257382e+03	6.589080855219033861e-01	2.180000056058052079e-05
1.500000000000000000e+00	5.999813084182520397e+05	4.500053078407088236e+00	1.396063282718171195e+02	2.402359618915384520e-01	4.026476447991054928e-06	1.432072988752231435e+00	2.846051711110331780e+03	3.614806399880535537e+03	2.330220389980045184e+03	2.460557085390244083e+02	2.208947362382446961e-02	2.425157020563686729e+03	6.589080881252044053e-01	2.179999936304181292e-05
1.500999999999999890e+00	5.999812958890773589e+05	4.500053119628133480e+00	1.396063274531960587e+02	2.402359764734516567e-01	4.026476427510600404e-06	1.432072986202627796e+00	2.846051657335585787e+03	3.614806422310679864e+03	2.330220392734615416e+03	2.460557071597042409e+02	2.208947356126039416e-02	2.425157032899116530e+03	6.589080907285052024e-01	2.180000055843414947e-05
1.502000000000000002e+00	5.999812834948294330e+05	4.500053160956269060e+00	1.396063266367770268e+02	2.402359646891883416e-01	4.026476407030145879e-06	1.432072983653024156e+00	2.846051603560840249e+03	3.614806444740824190e+03	2.330220395489186103e+03	2.460557057803841587e+02	2.208947349869631871e-02	2.425157045234546786e+03	6.589080933318059996e-01	2.179999936159503999e-05
1.502999999999999892e+00	5.999812709674236830e+05	4.500053202188235346e+00	1.396063258180705020e+02	2.402359792636076241e-01	4.026476386549692202e-06	1.432072981103420739e+00	2.846051549786094256e+03	3.614806467170968517e+03	2.330220398243756790e+03	2.460557044010640197e+02	2.208947343613224673e-02	2.425157057569977042e+03	6.589080959351067968e-01	2.180000055629398520e-05
1.504000000000000004e+00	5.999812585714067100e+05	4.500053243526154212e+00	1.396063250014883010e+02	2.402359674871288042e-01	4.026476366069238525e-06	1.432072978553816878e+00	2.846051496011348718e+03	3.614806489601112844e+03	2.330220400998327023e+03	2.460557030217439092e+02	2.208947337356817475e-02	2.425157069905406388e+03	6.589080985384075939e-01	2.179999936013580212e-05
1.504999999999999893e+00	5.999812460457694251e+05	4.500053284772008055e+00	1.396063241826606998e+02	2.402359820543170654e-01	4.026476345588784000e-06	1.432072976004213238e+00	2.846051442236603179e+03	3.614806512031257625e+03	2.330220403752897710e+03	2.460557016424237702e+02	2.208947331100409930e-02	2.425157082240836644e+03	6.589081011417083911e-01	2.180000055415965191e-05
1.506000000000000005e+00	5.999812336479844525e+05	4.500053326122491981e+00	1.396063233658818490e+02	2.402359702854859613e-01	4.026476325108330323e-06	1.432072973454609821e+00	2.846051388461857186e+03	3.614806534461401952e+03	2.330220406507467942e+03	2.460557002631036880e+02	2.208947324844002733e-02	2.425157094576266900e+03	6.589081037450091882e-01	2.179999935866476000e-05
1.506999999999999895e+00	5.999812211241144687e+05	4.500053367385167036e+00	1.396063225468978999e+02	2.402359848457024938e-01	4.026476304627876646e-06	1.432072970905005960e+00	2.846051334687111648e+03	3.614806556891546279e+03	2.330220409262037720e+03	2.460556988837835206e+02	2.208947318587595188e-02	2.425157106911697610e+03	6.589081063483098744e-01	2.180000055203153245e-05
1.508000000000000007e+00	5.999812087245625444e+05	4.500053408751220729e+00	1.396063217298864743e+02	2.402359730843787178e-01	4.026476284147422968e-06	1.432072968355402320e+00	2.846051280912365655e+03	3.614806579321690606e+03	2.330220412016608407e+03	2.460556975044634385e+02	2.208947312331187990e-02	2.425157119247127412e+03	6.589081089516105605e-01	2.179999935718157820e-05
1.508999999999999897e+00	5.999811962024590466e+05	4.500053450033601798e+00	1.396063209107115881e+02	2.402359876378842851e-01	4.026476263666968444e-06	1.432072965805798903e+00	2.846051227137619662e+03	3.614806601751835387e+03	2.330220414771178639e+03	2.460556961251432995e+02	2.208947306074780445e-02	2.425157131582559032e+03	6.589081115549112466e-01	2.180000054990953874e-05
1.510000000000000009e+00	5.999811838011402870e+05	4.500053491418217533e+00	1.396063200934315489e+02	2.402359758839227033e-01	4.026476243186514766e-06	1.432072963256195264e+00	2.846051173362874124e+03	3.614806624181979714e+03	2.330220417525749326e+03	2.460556947458232173e+02	2.208947299818373247e-02	2.425157143917989288e+03	6.589081141582119328e-01	2.179999935568572818e-05
1.510999999999999899e+00	5.999811712808032753e+05	4.500053532723138794e+00	1.396063192740317334e+02	2.402359904309841476e-01	4.026476222706060242e-06	1.432072960706591624e+00	2.846051119588128131e+03	3.614806646612124041e+03	2.330220420280319559e+03	2.460556933665030783e+02	2.208947293561965702e-02	2.425157156253420453e+03	6.589081167615123968e-01	2.180000054779378257e-05
1.512000000000000011e+00	5.999811588777187280e+05	4.500053574129063705e+00	1.396063184564501682e+02	2.402359786842410971e-01	4.026476202225606565e-06	1.432072958156987985e+00	2.846051065813382593e+03	3.614806669042268368e+03	2.330220423034889791e+03	2.460556919871829678e+02	2.208947287305558504e-02	2.425157168588851164e+03	6.589081193648129720e-01	2.179999935417793839e-05
1.512999999999999901e+00	5.999811463591463398e+05	4.500053615459597367e+00	1.396063176367884751e+02	2.402359932251194596e-01	4.026476181745152887e-06	1.432072955607384346e+00	2.846051012038637055e+03	3.614806691472413149e+03	2.330220425789460478e+03	2.460556906078628572e+02	2.208947281049151307e-02	2.425157180924282784e+03	6.589081219681135471e-01	2.180000054568400307e-05
1.514000000000000012e+00	5.999811339542972855e+05	4.500053656889881459e+00	1.396063168188688337e+02	2.402359814854558018e-01	4.026476161264698363e-06	1.432072953057780706e+00	2.846050958263890607e+03	3.614806713902557476e+03	2.330220428544030710e+03	2.460556892285427182e+02	2.208947274792743762e-02	2.425157193259714404e+03	6.589081245714141222e-01	2.179999935265779546e-05
1.514999999999999902e+00	5.999811214374882402e+05	4.500053698248916767e+00	1.396063159989104747e+02	2.402359960204081823e-01	4.026476140784244685e-06	1.432072950508177067e+00	2.846050904489145523e+03	3.614806736332701348e+03	2.330220431298600943e+03	2.460556878492226076e+02	2.208947268536336564e-02	2.425157205595145115e+03	6.589081271747144752e-01	2.180000054357976994e-05
1.516000000000000014e+00	5.999811090308767743e+05	4.500053739706517675e+00	1.396063151806173721e+02	2.402359842876850560e-01	4.026476120303791008e-06	1.432072947958573428e+00	2.846050850714399530e+03	3.614806758762846130e+03	2.330220434053171630e+03	2.460556864699024970e+02	2.208947262279929019e-02	2.425157217930576735e+03	6.589081297780150503e-01	2.179999935112506224e-05
1.516999999999999904e+00	5.999810965158304898e+05	4.500053781097035355e+00	1.396063143603265928e+02	2.402359988169727456e-01	4.026476099823336484e-06	1.432072945408969789e+00	2.846050796939653083e+03	3.614806781192990456e+03	2.330220436807741862e+03	2.460556850905823580e+02	2.208947256023521474e-02	2.425157230266008355e+03	6.589081323813155144e-01	2.180000054148107302e-05
1.518000000000000016e+00	5.999810841074568452e+05	4.500053822584988872e+00	1.396063135416235355e+02	2.402359870910540096e-01	4.026476079342881959e-06	1.432072942859366149e+00	2.846050743164907999e+03	3.614806803623134783e+03	2.330220439562312549e+03	2.460556837112622475e+02	2.208947249767114276e-02	2.425157242601440430e+03	6.589081349846157565e-01	2.179999934957982342e-05
1.518999999999999906e+00	5.999810715941718081e+05	4.500053864010016724e+00	1.396063127209639845e+02	2.402360016149351629e-01	4.026476058862428282e-06	1.432072940309762510e+00	2.846050689390162006e+03	3.614806826053279565e+03	2.330220442316882327e+03	2.460556823319421369e+02	2.208947243510707079e-02	2.425157254936872050e+03	6.589081375879162206e-01	2.180000053938762432e-05
1.520000000000000018e+00	5.999810591840370325e+05	4.500053905531315124e+00	1.396063119018150758e+02	2.402359898956858975e-01	4.026476038381974604e-06	1.432072937760159093e+00	2.846050635615416923e+03	3.614806848483423892e+03	2.330220445071453014e+03	2.460556809526220547e+02	2.208947237254299881e-02	2.425157267272304125e+03	6.589081401912165736e-01	2.179999934802197398e-05
1.520999999999999908e+00	5.999810466725126607e+05	4.500053946994010623e+00	1.396063110807487817e+02	2.402360044144280227e-01	4.026476017901520080e-06	1.432072935210555231e+00	2.846050581840670475e+03	3.614806870913568218e+03	2.330220447826023246e+03	2.460556795733018873e+02	2.208947230997892336e-02	2.425157279607736200e+03	6.589081427945168157e-01	2.180000053729990494e-05
1.522000000000000020e+00	5.999810342606175691e+05	4.500053988551973916e+00	1.396063102611142028e+02	2.402359927017080066e-01	4.026475997421066403e-06	1.432072932660951814e+00	2.846050528065924937e+03	3.614806893343712545e+03	2.330220450580593933e+03	2.460556781939818052e+02	2.208947224741485138e-02	2.425157291943168730e+03	6.589081453978171687e-01	2.179999934645092098e-05
1.522999999999999909e+00	5.999810217508529313e+05	4.500054030055580689e+00	1.396063094396023132e+02	2.402360072155743653e-01	4.026475976940611878e-06	1.432072930111348175e+00	2.846050474291179398e+03	3.614806915773857327e+03	2.330220453335164166e+03	2.460556768146616662e+02	2.208947218485077593e-02	2.425157304278602169e+03	6.589081480011174108e-01	2.180000053521680698e-05
1.524000000000000021e+00	5.999810093371986877e+05	4.500054071644451703e+00	1.396063086195511573e+02	2.402359955092551458e-01	4.026475956460158201e-06	1.432072927561744313e+00	2.846050420516432951e+03	3.614806938204001654e+03	2.330220456089734398e+03	2.460556754353415556e+02	2.208947212228670048e-02	2.425157316614034244e+03	6.589081506044177639e-01	2.179999934488361865e-05
1.524999999999999911e+00	5.999809968291921541e+05	4.500054118239236622e+00	1.396063077369753671e+02	2.402360100181455682e-01	4.026475935979703677e-06	1.432072925012140896e+00	2.846050366741687412e+03	3.614806960634145980e+03	2.330220458844305085e+03	2.460556740560214166e+02	2.208947205972262851e-02	2.425157328949466773e+03	6.589081532077177839e-01	2.180000052366261350e-05
1.526200000000000001e+00	5.999809819215349853e+05	4.500054174181634892e+00	1.396063066801755497e+02	2.402359985257538078e-01	4.026475911403159602e-06	1.432072921952616484e+00	2.846050302211992403e+03	3.614806987550319718e+03	2.330220462149789000e+03	2.460556724008372669e+02	2.208947198464573936e-02	2.425157343751986446e+03	6.589081563316783186e-01	2.179999931577298344e-05
1.527639999999999887e+00	5.999809639323347947e+05	4.500054241170484914e+00	1.396063054111354234e+02	2.402360136301395499e-01	4.026475881911306205e-06	1.432072918281187324e+00	2.846050224776358391e+03	3.614807019849727112e+03	2.330220466116370517e+03	2.460556704146163156e+02	2.208947189455347584e-02	2.425157361515009143e+03	6.589081600804304051e-01	2.180000048824192165e-05
1.529367999999999839e+00	5.999809424433659296e+05	4.500054321543384361e+00	1.396063038909867089e+02	2.402360028631209121e-01	4.026475846521081282e-06	1.432072913875471976e+00	2.846050131853597577e+03	3.614807058609016622e+03	2.330220470876268337e+03	2.460556680311511570e+02	2.208947178644275408e-02	2.425157382830637744e+03	6.589081645789330866e-01	2.179999927382212497e-05
1.531441599999999736e+00	5.999809165604708251e+05	4.500054417801743867e+00	1.396063020665932584e+02	2.402360188257760820e-01	4.026475804052812729e-06	1.432072908588613913e+00	2.846050020346285237e+03	3.614807105120164124e+03	2.330220476588145630e+03	2.460556651709929668e+02	2.208947165670989421e-02	2.425157408409392247e+03	6.589081699771360823e-01	2.180000043745360252e-05
1.533929919999999836e+00	5.999808855951902224e+05	4.500054533233453391e+00	1.396062998806956159e+02	2.402360090985915797e-01	4.026475753090889110e-06	1.432072902244384327e+00	2.846049886537509792e+03	3.614807160933541127e+03	2.330220483442397835e+03	2.460556617388031100e+02	2.208947150103045612e-02	2.425157439103899378e+03	6.589081764549795661e-01	2.179999921343367332e-05
1.536915903999999777e+00	5.999808483445992460e+05	4.500054671493221470e+00	1.396062972583336830e+02	2.402360262968303295e-01	4.026475691936580768e-06	1.432072894631308602e+00	2.846049725966979622e+03	3.614807227909593621e+03	2.330220491667501392e+03	2.460556576201753387e+02	2.208947131421513596e-02	2.425157475937307936e+03	6.589081842283913693e-01	2.180000036458150815e-05
1.540499084799999752e+00	5.999808037342050811e+05	4.500054837243855133e+00	1.396062941157667865e+02	2.402360180613727636e-01	4.026475618551411434e-06	1.432072885495617953e+00	2.846049533282342964e+03	3.614807308280856432e+03	2.330220501537624841e+03	2.460556526778219393e+02	2.208947109003674830e-02	2.425157520137399388e+03	6.589081935564855552e-01	2.179999912653983281e-05
1.544798901759999676e+00	5.999807501133547630e+05	4.500055035810114568e+00	1.396062903464163014e+02	2.402360370375930254e-01	4.026475530489207556e-06	1.432072874532789086e+00	2.846049302060779155e+03	3.614807404726372170e+03	2.330220513381773344e+03	2.460556467469979225e+02	2.208947082102268381e-02	2.425157573177512404e+03	6.589082047501978456e-01	2.180000025992271011e-05
1.549958682111999719e+00	5.999806858547736192e+05	4.500055273861200078e+00	1.396062858281705985e+02	2.402360309443448971e-01	4.026475424814563750e-06	1.432072861377394535e+00	2.846049024594902221e+03	3.614807520460990418e+03	2.330220527594751275e+03	2.460556396300090682e+02	2.208947049820580641e-02	2.425157636825650115e+03	6.589082181826519946e-01	2.179999900145694267e-05
1.556150418534399726e+00	5.999806086599730188e+05	4.500055559165287988e+00	1.396062804083775575e+02	2.402360524801643860e-01	4.026475298004990166e-06	1.432072845590920629e+00	2.846048691635849991e+03	3.614807659342532588e+03	2.330220544650324882e+03	2.460556310896224659e+02	2.208947011082555353e-02	2.425157713203420371e+03	6.589082343015959520e-01	2.180000010938589714e-05
1.563580502241279646e+00	5.999805161087746965e+05	4.500055901344627074e+00	1.396062739089849174e+02	2.402360494682017067e-01	4.026475145833503559e-06	1.432072826647152297e+00	2.846048292084987679e+03	3.614807826000383102e+03	2.330220565117013393e+03	2.460556208411585430e+02	2.208946964596925078e-02	2.425157804856750772e+03	6.589082536443275906e-01	2.179999882116564103e-05
1.572496602689535505e+00	5.999804049667099025e+05	4.500056311766737593e+00	1.396062661099439310e+02	2.402360746939112279e-01	4.026474963227717429e-06	1.432072803914630432e+00	2.846047812623952723e+03	3.614808025989804264e+03	2.330220589677039698e+03	2.460556085430018243e+02	2.208946908814168539e-02	2.425157914840756348e+03	6.589082768556033809e-01	2.179999989240224970e-05
1.583195923227442625e+00	5.999802716749145184e+05	4.500056804407672750e+00	1.396062567515102444e+02	2.402360761238778175e-01	4.026474744100775936e-06	1.432072776635604061e+00	2.846047237270710866e+03	3.614808265977108931e+03	2.330220619149070899e+03	2.460555937852137447e+02	2.208946841874860970e-02	2.425158046821576136e+03	6.589083047091316425e-01	2.179999856081154177e-05
1.596035107872931125e+00	5.999801116480100900e+05	4.500057395910622482e+00	1.396062455153919757e+02	2.402361066793397004e-01	4.026474481148445467e-06	1.432072743900772327e+00	2.846046546846821002e+03	3.614808553961874622e+03	2.330220654515508613e+03	2.460555760758680606e+02	2.208946761547691748e-02	2.425158205198578798e+03	6.589083381333614708e-01	2.179999957897956779e-05
1.611442129447517413e+00	5.999799196905223653e+05	4.500058106568895155e+00	1.396062320237135168e+02	2.402361145268664955e-01	4.026474165605648565e-06	1.432072704618974068e+00	2.846045718338152255e+03	3.614808899543593725e+03	2.330220696955233507e+03	2.460555548246531998e+02	2.208946665155088473e-02	2.425158395251009551e+03	6.589083782424314251e-01	2.179999818432354017e-05
1.629930555337020914e+00	5.999796892686653882e+05	4.500058960507558936e+00	1.396062158180126289e+02	2.402361527915000405e-01	4.026473786954292622e-06	1.432072657480816691e+00	2.846044724127750669e+03	3.614809314241656466e+03	2.330220747882903652e+03	2.460555293231954579e+02	2.208946549483964752e-02	2.425158623313966018e+03	6.589084263733069324e-01	2.179999912603448957e-05
1.652116666404425116e+00	5.999794128333417466e+05	4.500059986569518777e+00	1.396061963569518412e+02	2.402361699150904195e-01	4.026473332572665151e-06	1.432072600915027305e+00	2.846043531075268220e+03	3.614809811879331846e+03	2.330220808996108190e+03	2.460554987214460994e+02	2.208946410678616287e-02	2.425158896989570167e+03	6.589084841303453066e-01	2.179999764098530470e-05
1.678739999685310291e+00	5.999790810419582995e+05	4.500061217489376375e+00	1.396061730061194908e+02	2.402362193060693374e-01	4.026472787314712525e-06	1.432072533036080397e+00	2.846042099412289645e+03	3.614810409044542666e+03	2.330220882331953362e+03	2.460554619993469316e+02	2.208946244112198337e-02	2.425159225400376727e+03	6.589085534387739695e-01	2.179999847660646844e-05
1.710687999622372502e+00	5.999786829592979047e+05	4.500062691898568445e+00	1.396061450191515405e+02	2.402362497241694039e-01	4.026472133005169373e-06	1.432072451581343886e+00	2.846040381416715263e+03	3.614811125642795105e+03	2.330220970334967205e+03	2.460554179328278792e+02	2.208946044232496658e-02	2.425159619493461378e+03	6.589086366088633406e-01	2.179999686660217344e-05
1.749025599546847110e+00	5.999782051949861925e+05	4.500064359392509594e+00	1.396061126549215032e+02	2.402363149605665216e-01	4.026471347833717422e-06	1.432072353835659895e+00	2.846038319822025642e+03	3.614811985560698304e+03	2.330221075938583908e+03	2.460553650530050049e+02	2.208945804376854366e-02	2.425160092405332762e+03	6.589087364129344593e-01	2.179999773262223495e-05
1.790724746228618880e+00	5.999776855985982111e+05	4.500066092799166917e+00	1.396060784181947270e+02	2.402363603343564136e-01	4.026470493816261846e-06	1.432072247519364350e+00	2.846036077461013519e+03	3.614812920878580826e+03	2.330221190801818011e+03	2.460553075365330926e+02	2.208945543490006477e-02	2.425160606783633739e+03	6.589088449680575721e-01	2.179999650383090140e-05
1.832423892910390650e+00	5.999771659464993281e+05	4.500067830642783484e+00	1.396060441266957355e+02	2.402364319662999015e-01	4.026469639798807116e-06	1.432072141203068805e+00	2.846033835100002761e+03	3.614813856196462893e+03	2.330221305665052569e+03	2.460552500200611803e+02	2.208945282603158589e-02	2.425161121162152540e+03	6.589089535231340555e-01	2.179999764925268170e-05
1.874123039592162421e+00	5.999766463481939863e+05	4.500069568739188952e+00	1.396060098334778843e+02	2.402364775274128394e-01	4.026468785781351540e-06	1.432072034886773260e+00	2.846031592738990639e+03	3.614814791514345416e+03	2.330221420528286217e+03	2.460551925035892395e+02	2.208945021716310700e-02	2.425161635540890074e+03	6.589090620781637986e-01	2.179999642863385744e-05
1.915822186273934191e+00	5.999761266977250343e+05	4.500071306126410597e+00	1.396059755473491464e+02	2.402365491652749263e-01	4.026467931763895963e-06	1.432071928570477937e+00	2.846029350377978972e+03	3.614815726832227938e+03	2.330221535391520320e+03	2.460551349871173272e+02	2.208944760829462464e-02	2.425162149919845433e+03	6.589091706331470233e-01	2.179999757542549330e-05
1.957521332955705962e+00	5.999756070975146722e+05	4.500073042767126275e+00	1.396059412714049301e+02	2.402365947020313197e-01	4.026467077746440387e-06	1.432071822254182170e+00	2.846027108016967304e+03	3.614816662150110460e+03	2.330221650254754422e+03	2.460550774706453865e+02	2.208944499942614575e-02	2.425162664299019070e+03	6.589092791880835076e-01	2.179999635528916273e-05
1.999220479637477732e+00	5.999750874486765824e+05	4.500074778630505534e+00	1.396059070034593219e+02	2.402366663050639339e-01	4.026466223728984810e-06	1.432071715937886847e+00	2.846024865655955637e+03	3.614817597467992982e+03	2.330221765117988980e+03	2.460550199541734742e+02	2.208944239055767034e-02	2.425163178678410532e+03	6.589093877429731405e-01	2.179999750175379983e-05
2.040919626319249502e+00	5.999745678465618985e+05	4.500076513866610561e+00	1.396058727441758549e+02	2.402367118143658165e-01	4.026465369711529234e-06	1.432071609621591080e+00	2.846022623294943514e+03	3.614818532785875050e+03	2.330221879981223083e+03	2.460549624377015618e+02	2.208943978168918798e-02	2.425163693058021181e+03	6.589094962978161441e-01	2.179999628172314170e-05
2.082618773001021051e+00	5.999740481993550202e+05	4.500078248478046383e+00	1.396058384911499388e+02	2.402367833877844805e-01	4.026464515694073657e-06	1.432071503305295535e+00	2.846020380933932756e+03	3.614819468103757117e+03	2.330221994844456731e+03	2.460549049212296211e+02	2.208943717282070909e-02	2.425164207437850109e+03	6.589096048526125182e-01	2.179999742782446942e-05
2.124317919682793043e+00	5.999735285953362472e+05	4.500079982601339346e+00	1.396058042450247854e+02	2.402368288755782344e-01	4.026463661676618928e-06	1.432071396988999989e+00	2.846018138572921089e+03	3.614820403421639639e+03	2.330222109707690834e+03	2.460548474047577372e+02	2.208943456395223021e-02	2.425164721817895497e+03	6.589097134073623740e-01	2.179999620789217215e-05
2.166017066364564592e+00	5.999730089497599984e+05	4.500081716230458717e+00	1.396057700036822951e+02	2.402369004254179541e-01	4.026462807659163351e-06	1.432071290672704444e+00	2.846015896211908967e+03	3.614821338739522616e+03	2.330222224570924936e+03	2.460547898882857965e+02	2.208943195508375132e-02	2.425165236198160528e+03	6.589098219620654895e-01	2.179999735367247439e-05
2.207716213046336584e+00	5.999724893438366707e+05	4.500083449481910414e+00	1.396057357678232052e+02	2.402369458967558713e-01	4.026461953641707775e-06	1.432071184356408899e+00	2.846013653850896844e+03	3.614822274057404684e+03	2.330222339434158584e+03	2.460547323718138557e+02	2.208942934621526896e-02	2.425165750578643383e+03	6.589099305167217535e-01	2.179999613384537183e-05
2.249415359728108132e+00	5.999719696998905856e+05	4.500085182342214551e+00	1.396057015356014688e+02	2.402370174278667114e-01	4.026461099624252199e-06	1.432071078040113354e+00	2.846011411489885631e+03	3.614823209375287206e+03	2.330222454297392687e+03	2.460546748553419434e+02	2.208942673734679008e-02	2.425166264959344517e+03	6.589100390713313882e-01	2.179999727934460143e-05
2.291114506409880125e+00	5.999714500920630526e+05	4.500086914910821356e+00	1.396056673077399637e+02	2.402370628866606350e-01	4.026460245606796622e-06	1.432070971723817809e+00	2.846009169128873964e+03	3.614824144693169728e+03	2.330222569160627245e+03	2.460546173388700311e+02	2.208942412847831466e-02	2.425166779340263929e+03	6.589101476258942824e-01	2.179999605962343898e-05
2.332813653091651673e+00	5.999709304497472476e+05	4.500088647169273592e+00	1.396056330826350234e+02	2.402371344028732536e-01	4.026459391589341046e-06	1.432070865407522486e+00	2.846006926767861842e+03	3.614825080011052250e+03	2.330222684023861348e+03	2.460545598223980903e+02	2.208942151960983230e-02	2.425167293721401620e+03	6.589102561804107694e-01	2.179999720487628024e-05
2.374512799773423666e+00	5.999704108400162077e+05	4.500090379202293711e+00	1.396055988610035286e+02	2.402371798521452662e-01	4.026458537571885469e-06	1.432070759091226719e+00	2.846004684406850629e+03	3.614826015328933863e+03	2.330222798887094996e+03	2.460545023059261780e+02	2.208941891074135341e-02	2.425167808102757135e+03	6.589103647348801829e-01	2.179999598525927913e-05
2.416211946455195214e+00	5.999698911993301008e+05	4.500092110988899385e+00	1.396055646414549472e+02	2.402372513565040058e-01	4.026457683554429893e-06	1.432070652774931174e+00	2.846002442045838961e+03	3.614826950646816840e+03	2.330222913750329099e+03	2.460544447894542373e+02	2.208941630187287453e-02	2.425168322484330929e+03	6.589104732893031890e-01	2.179999713029832250e-05
2.457911093136967207e+00	5.999693715876945062e+05	4.500093842601039285e+00	1.396055304246767150e+02	2.402372967985567376e-01	4.026456829536974316e-06	1.432070546458635629e+00	2.846000199684827294e+03	3.614827885964699362e+03	2.330223028613563201e+03	2.460543872729823249e+02	2.208941369300439911e-02	2.425168836866123911e+03	6.589105818436793438e-01	2.179999591077945185e-05
2.499610239818738755e+00	5.999688519486382138e+05	4.500095574016309996e+00	1.396054962094780194e+02	2.402373682934599297e-01	4.026455975519518740e-06	1.432070440142340084e+00	2.845997957323815172e+03	3.614828821282581885e+03	2.330223143476797304e+03	2.460543297565104126e+02	2.208941108413591675e-02	2.425169351248133353e+03	6.589106903980090912e-01	2.179999705563393691e-05
2.541309386500510747e+00	5.999683323350989958e+05	4.500097305293864203e+00	1.396054619965172208e+02	2.402374137300228307e-01	4.026455121502063163e-06	1.432070333826044539e+00	2.845995714962803504e+03	3.614829756600463952e+03	2.330223258340030952e+03	2.460542722400384719e+02	2.208940847526743786e-02	2.425169865630362438e+03	6.589107989522918762e-01	2.179999583620838557e-05
2.583008533182282296e+00	5.999678126976725180e+05	4.500099036406806086e+00	1.396054277848401739e+02	2.402374852172942665e-01	4.026454267484607587e-06	1.432070227509748994e+00	2.845993472601791836e+03	3.614830691918346474e+03	2.330223373203265055e+03	2.460542147235665311e+02	2.208940586639895898e-02	2.425170380012809346e+03	6.589109075065280319e-01	2.179999698091448062e-05
2.624707679864054288e+00	5.999672930822292110e+05	4.500100767389280776e+00	1.396053935752226778e+02	2.402375306493655382e-01	4.026453413467152857e-06	1.432070121193453671e+00	2.845991230240780624e+03	3.614831627236228996e+03	2.330223488066499613e+03	2.460541572070946472e+02	2.208940325753048009e-02	2.425170894395474079e+03	6.589110160607176692e-01	2.179999576159879284e-05
2.666406826545825837e+00	5.999667734464321984e+05	4.500102498171993481e+00	1.396053593674021727e+02	2.402376021296214192e-01	4.026452559449697281e-06	1.432070014877157904e+00	2.845988987879768956e+03	3.614832562554111519e+03	2.330223602929733261e+03	2.460540996906227065e+02	2.208940064866199773e-02	2.425171408778356636e+03	6.589111246148606771e-01	2.179999690626470803e-05
2.708105973227597829e+00	5.999662538290846860e+05	4.500104228650557481e+00	1.396053251636347738e+02	2.402376475554528767e-01	4.026451705432241704e-06	1.432069908560862359e+00	2.845986745518756834e+03	3.614833497871993586e+03	2.330223717792967363e+03	2.460540421741507657e+02	2.208939803979351885e-02	2.425171923161458380e+03	6.589112331689568336e-01	2.179999568729169929e-05
2.749805119909369377e+00	5.999657341949167894e+05	4.500105958377520921e+00	1.396052909683797338e+02	2.402377190218604186e-01	4.026450851414786128e-06	1.432069802244566814e+00	2.845984503157745621e+03	3.614834433189876108e+03	2.330223832656201466e+03	2.460539846576788534e+02	2.208939543092503996e-02	2.425172437544777949e+03	6.589113417230063607e-01	2.179999683265734163e-05
2.791504266591140926e+00	5.999652145756677492e+05	4.500107686123817174e+00	1.396052567972108420e+02	2.402377644184904570e-01	4.026449997397330551e-06	1.432069695928271269e+00	2.845982260796733954e+03	3.614835368507758631e+03	2.330223947519435569e+03	2.460539271412069411e+02	2.208939282205656107e-02	2.425172951928315797e+03	6.589114502770090365e-01	2.179999561612028445e-05
2.833203413272912918e+00	5.999646949431293178e+05	4.500109408156344415e+00	1.396052226942099139e+02	2.402378358024917782e-01	4.026449143379874975e-06	1.432069589611975724e+00	2.845980018435721831e+03	3.614836303825640698e+03	2.330224062382669672e+03	2.460538696247350003e+02	2.208939021318808218e-02	2.425173466312071469e+03	6.589115588309650828e-01	2.179999676840823578e-05
2.874902559954684911e+00	5.999641753219803795e+05	4.500111113761144921e+00	1.396051887886220015e+02	2.402378809657797765e-01	4.026448289362419398e-06	1.432069483295680179e+00	2.845977776074710164e+03	3.614837239143523220e+03	2.330224177245903775e+03	2.460538121082630880e+02	2.208938760431960330e-02	2.425173980696046328e+03	6.589116673848744998e-01	2.179999557216402126e-05
2.916601706636456459e+00	5.999636556910807267e+05	4.500112768484428649e+00	1.396051554934743706e+02	2.402379516742731702e-01	4.026447435344963822e-06	1.432069376979384412e+00	2.845975533713698951e+03	3.614838174461405742e+03	2.330224292109137878e+03	2.460537545917911473e+02	2.208938499545112441e-02	2.425174495080238103e+03	6.589117759387373985e-01	2.179999678929844673e-05
2.958300853318228008e+00	5.999631360680609941e+05	4.500114318796027746e+00	1.396051234517865112e+02	2.402379947486279199e-01	4.026446581327508245e-06	1.432069270663089089e+00	2.845973291352687284e+03	3.614839109779288265e+03	2.330224406972371980e+03	2.460536970753192350e+02	2.208938238658264205e-02	2.425175009464649065e+03	6.589118844925535567e-01	2.179999569454969761e-05
3.000000000000000000e+00	5.999626164388761390e+05	4.500114902710000031e+00	1.396051030102506729e+02	2.402380611679256484e-01	4.026445727310052669e-06	1.432069164346793322e+00	2.845971048991675161e+03	3.614840045097170332e+03	2.330224521835606083e+03	2.460536395588473226e+02	2.208937977771416317e-02	2.425175523849277852e+03	6.589119930463228636e-01	2.179999852961525734e-05
